Fecha,ProvinciaId,Provincia,Casos,Casos7,Casos14
2021-06-15,A,Alicante,59,0,0
2021-06-16,A,Alicante,49,0,0
2021-06-17,A,Alicante,41,0,0
2021-06-18,A,Alicante,88,0,0
2021-06-19,A,Alicante,65,0,0
2021-06-20,A,Alicante,46,0,0
2021-06-21,A,Alicante,82,430,0
2021-06-22,A,Alicante,84,455,0
2021-06-23,A,Alicante,95,501,0
2021-06-24,A,Alicante,76,536,0
2021-06-25,A,Alicante,98,546,0
2021-06-26,A,Alicante,118,599,0
2021-06-27,A,Alicante,102,655,0
2021-06-28,A,Alicante,189,762,1192
2021-06-29,A,Alicante,207,885,1340
2021-06-30,A,Alicante,198,988,1489
2021-07-01,A,Alicante,200,1112,1648
2021-07-02,A,Alicante,256,1270,1816
2021-07-03,A,Alicante,191,1343,1942
2021-07-04,A,Alicante,204,1445,2100
2021-07-05,A,Alicante,344,1600,2362
2021-07-06,A,Alicante,350,1743,2628
2021-07-07,A,Alicante,434,1979,2967
2021-07-08,A,Alicante,395,2174,3286
2021-07-09,A,Alicante,471,2389,3659
2021-07-10,A,Alicante,445,2643,3986
2021-07-11,A,Alicante,451,2890,4335
2021-07-12,A,Alicante,679,3225,4825
2021-07-13,A,Alicante,754,3629,5372
2021-07-14,A,Alicante,706,3901,5880
2021-07-15,A,Alicante,659,4165,6339
2021-07-16,A,Alicante,745,4439,6828
2021-07-17,A,Alicante,612,4606,7249
2021-07-18,A,Alicante,597,4752,7642
2021-07-19,A,Alicante,927,5000,8225
2021-07-20,A,Alicante,968,5214,8843
2021-07-21,A,Alicante,893,5401,9302
2021-07-22,A,Alicante,906,5648,9813
2021-07-23,A,Alicante,892,5795,10234
2021-07-24,A,Alicante,724,5907,10513
2021-07-25,A,Alicante,650,5960,10712
2021-07-26,A,Alicante,1113,6146,11146
2021-07-27,A,Alicante,991,6169,11383
2021-07-28,A,Alicante,877,6153,11554
2021-07-29,A,Alicante,781,6028,11676
2021-07-30,A,Alicante,833,5969,11764
2021-07-31,A,Alicante,619,5864,11771
2021-06-15,AB,Albacete,14,0,0
2021-06-16,AB,Albacete,13,0,0
2021-06-17,AB,Albacete,15,0,0
2021-06-18,AB,Albacete,15,0,0
2021-06-19,AB,Albacete,12,0,0
2021-06-20,AB,Albacete,12,0,0
2021-06-21,AB,Albacete,11,92,0
2021-06-22,AB,Albacete,17,95,0
2021-06-23,AB,Albacete,25,107,0
2021-06-24,AB,Albacete,18,110,0
2021-06-25,AB,Albacete,18,113,0
2021-06-26,AB,Albacete,14,115,0
2021-06-27,AB,Albacete,14,117,0
2021-06-28,AB,Albacete,36,142,234
2021-06-29,AB,Albacete,23,148,243
2021-06-30,AB,Albacete,28,151,258
2021-07-01,AB,Albacete,28,161,271
2021-07-02,AB,Albacete,25,168,281
2021-07-03,AB,Albacete,25,179,294
2021-07-04,AB,Albacete,23,188,305
2021-07-05,AB,Albacete,51,203,345
2021-07-06,AB,Albacete,69,249,397
2021-07-07,AB,Albacete,66,287,438
2021-07-08,AB,Albacete,55,314,475
2021-07-09,AB,Albacete,85,374,542
2021-07-10,AB,Albacete,56,405,584
2021-07-11,AB,Albacete,87,469,657
2021-07-12,AB,Albacete,105,523,726
2021-07-13,AB,Albacete,135,589,838
2021-07-14,AB,Albacete,170,693,980
2021-07-15,AB,Albacete,171,809,1123
2021-07-16,AB,Albacete,210,934,1308
2021-07-17,AB,Albacete,150,1028,1433
2021-07-18,AB,Albacete,171,1112,1581
2021-07-19,AB,Albacete,205,1212,1735
2021-07-20,AB,Albacete,223,1300,1889
2021-07-21,AB,Albacete,237,1367,2060
2021-07-22,AB,Albacete,213,1409,2218
2021-07-23,AB,Albacete,227,1426,2360
2021-07-24,AB,Albacete,187,1463,2491
2021-07-25,AB,Albacete,155,1447,2559
2021-07-26,AB,Albacete,211,1453,2665
2021-07-27,AB,Albacete,223,1453,2753
2021-07-28,AB,Albacete,237,1453,2820
2021-07-29,AB,Albacete,205,1445,2854
2021-07-30,AB,Albacete,181,1399,2825
2021-07-31,AB,Albacete,148,1360,2823
2021-06-15,AL,Almería,50,0,0
2021-06-16,AL,Almería,44,0,0
2021-06-17,AL,Almería,39,0,0
2021-06-18,AL,Almería,27,0,0
2021-06-19,AL,Almería,26,0,0
2021-06-20,AL,Almería,37,0,0
2021-06-21,AL,Almería,43,266,0
2021-06-22,AL,Almería,43,259,0
2021-06-23,AL,Almería,41,256,0
2021-06-24,AL,Almería,46,263,0
2021-06-25,AL,Almería,54,290,0
2021-06-26,AL,Almería,47,311,0
2021-06-27,AL,Almería,29,303,0
2021-06-28,AL,Almería,60,320,586
2021-06-29,AL,Almería,77,354,613
2021-06-30,AL,Almería,81,394,650
2021-07-01,AL,Almería,102,450,713
2021-07-02,AL,Almería,91,487,777
2021-07-03,AL,Almería,102,542,853
2021-07-04,AL,Almería,80,593,896
2021-07-05,AL,Almería,86,619,939
2021-07-06,AL,Almería,100,642,996
2021-07-07,AL,Almería,141,702,1096
2021-07-08,AL,Almería,91,691,1141
2021-07-09,AL,Almería,106,706,1193
2021-07-10,AL,Almería,155,759,1301
2021-07-11,AL,Almería,113,792,1385
2021-07-12,AL,Almería,213,919,1538
2021-07-13,AL,Almería,246,1065,1707
2021-07-14,AL,Almería,224,1148,1850
2021-07-15,AL,Almería,239,1296,1987
2021-07-16,AL,Almería,254,1444,2150
2021-07-17,AL,Almería,261,1550,2309
2021-07-18,AL,Almería,213,1650,2442
2021-07-19,AL,Almería,345,1782,2701
2021-07-20,AL,Almería,460,1996,3061
2021-07-21,AL,Almería,299,2071,3219
2021-07-22,AL,Almería,317,2149,3445
2021-07-23,AL,Almería,349,2244,3688
2021-07-24,AL,Almería,290,2273,3823
2021-07-25,AL,Almería,224,2284,3934
2021-07-26,AL,Almería,289,2228,4010
2021-07-27,AL,Almería,349,2117,4113
2021-07-28,AL,Almería,377,2195,4266
2021-07-29,AL,Almería,323,2201,4350
2021-07-30,AL,Almería,347,2199,4443
2021-07-31,AL,Almería,322,2231,4504
2021-06-15,AS,Asturias,58,0,0
2021-06-16,AS,Asturias,57,0,0
2021-06-17,AS,Asturias,46,0,0
2021-06-18,AS,Asturias,36,0,0
2021-06-19,AS,Asturias,65,0,0
2021-06-20,AS,Asturias,63,0,0
2021-06-21,AS,Asturias,95,420,0
2021-06-22,AS,Asturias,54,416,0
2021-06-23,AS,Asturias,52,411,0
2021-06-24,AS,Asturias,47,412,0
2021-06-25,AS,Asturias,62,438,0
2021-06-26,AS,Asturias,137,510,0
2021-06-27,AS,Asturias,158,605,0
2021-06-28,AS,Asturias,226,736,1156
2021-06-29,AS,Asturias,316,998,1414
2021-06-30,AS,Asturias,280,1226,1637
2021-07-01,AS,Asturias,196,1375,1787
2021-07-02,AS,Asturias,323,1636,2074
2021-07-03,AS,Asturias,347,1846,2356
2021-07-04,AS,Asturias,424,2112,2717
2021-07-05,AS,Asturias,601,2487,3223
2021-07-06,AS,Asturias,531,2702,3700
2021-07-07,AS,Asturias,470,2892,4118
2021-07-08,AS,Asturias,474,3170,4545
2021-07-09,AS,Asturias,441,3288,4924
2021-07-10,AS,Asturias,549,3490,5336
2021-07-11,AS,Asturias,527,3593,5705
2021-07-12,AS,Asturias,576,3568,6055
2021-07-13,AS,Asturias,630,3667,6369
2021-07-14,AS,Asturias,419,3616,6508
2021-07-15,AS,Asturias,390,3532,6702
2021-07-16,AS,Asturias,472,3563,6851
2021-07-17,AS,Asturias,460,3474,6964
2021-07-18,AS,Asturias,426,3373,6966
2021-07-19,AS,Asturias,440,3237,6805
2021-07-20,AS,Asturias,602,3209,6876
2021-07-21,AS,Asturias,354,3144,6760
2021-07-22,AS,Asturias,267,3021,6553
2021-07-23,AS,Asturias,283,2832,6395
2021-07-24,AS,Asturias,324,2696,6170
2021-07-25,AS,Asturias,357,2627,6000
2021-07-26,AS,Asturias,370,2557,5794
2021-07-27,AS,Asturias,298,2253,5462
2021-07-28,AS,Asturias,242,2141,5285
2021-07-29,AS,Asturias,174,2048,5069
2021-07-30,AS,Asturias,194,1959,4791
2021-07-31,AS,Asturias,194,1829,4525
2021-06-15,AV,Ávila,14,0,0
2021-06-16,AV,Ávila,6,0,0
2021-06-17,AV,Ávila,7,0,0
2021-06-18,AV,Ávila,4,0,0
2021-06-19,AV,Ávila,2,0,0
2021-06-20,AV,Ávila,6,0,0
2021-06-21,AV,Ávila,5,44,0
2021-06-22,AV,Ávila,1,31,0
2021-06-23,AV,Ávila,2,27,0
2021-06-24,AV,Ávila,3,23,0
2021-06-25,AV,Ávila,2,21,0
2021-06-26,AV,Ávila,3,22,0
2021-06-27,AV,Ávila,7,23,0
2021-06-28,AV,Ávila,12,30,74
2021-06-29,AV,Ávila,11,40,71
2021-06-30,AV,Ávila,13,51,78
2021-07-01,AV,Ávila,16,64,87
2021-07-02,AV,Ávila,12,74,95
2021-07-03,AV,Ávila,6,77,99
2021-07-04,AV,Ávila,15,85,108
2021-07-05,AV,Ávila,27,100,130
2021-07-06,AV,Ávila,44,133,173
2021-07-07,AV,Ávila,50,170,221
2021-07-08,AV,Ávila,49,203,267
2021-07-09,AV,Ávila,73,264,338
2021-07-10,AV,Ávila,74,332,409
2021-07-11,AV,Ávila,47,364,449
2021-07-12,AV,Ávila,67,404,504
2021-07-13,AV,Ávila,73,433,566
2021-07-14,AV,Ávila,52,435,605
2021-07-15,AV,Ávila,60,446,649
2021-07-16,AV,Ávila,73,446,710
2021-07-17,AV,Ávila,70,442,774
2021-07-18,AV,Ávila,45,440,804
2021-07-19,AV,Ávila,74,447,851
2021-07-20,AV,Ávila,80,454,887
2021-07-21,AV,Ávila,68,470,905
2021-07-22,AV,Ávila,70,480,926
2021-07-23,AV,Ávila,63,470,916
2021-07-24,AV,Ávila,28,428,870
2021-07-25,AV,Ávila,54,437,877
2021-07-26,AV,Ávila,71,434,881
2021-07-27,AV,Ávila,73,427,881
2021-07-28,AV,Ávila,76,435,905
2021-07-29,AV,Ávila,56,421,901
2021-07-30,AV,Ávila,52,410,880
2021-07-31,AV,Ávila,41,423,851
2021-06-15,B,Barcelona,645,0,0
2021-06-16,B,Barcelona,626,0,0
2021-06-17,B,Barcelona,534,0,0
2021-06-18,B,Barcelona,629,0,0
2021-06-19,B,Barcelona,424,0,0
2021-06-20,B,Barcelona,476,0,0
2021-06-21,B,Barcelona,954,4288,0
2021-06-22,B,Barcelona,956,4599,0
2021-06-23,B,Barcelona,1048,5021,0
2021-06-24,B,Barcelona,822,5309,0
2021-06-25,B,Barcelona,1259,5939,0
2021-06-26,B,Barcelona,1621,7136,0
2021-06-27,B,Barcelona,2004,8664,0
2021-06-28,B,Barcelona,3408,11118,15406
2021-06-29,B,Barcelona,4687,14849,19448
2021-06-30,B,Barcelona,4592,18393,23414
2021-07-01,B,Barcelona,4266,21837,27146
2021-07-02,B,Barcelona,4393,24971,30910
2021-07-03,B,Barcelona,3669,27019,34155
2021-07-04,B,Barcelona,3325,28340,37004
2021-07-05,B,Barcelona,5291,30223,41341
2021-07-06,B,Barcelona,6246,31782,46631
2021-07-07,B,Barcelona,7538,34728,53121
2021-07-08,B,Barcelona,6422,36884,58721
2021-07-09,B,Barcelona,6754,39245,64216
2021-07-10,B,Barcelona,4453,40029,67048
2021-07-11,B,Barcelona,3744,40448,68788
2021-07-12,B,Barcelona,7980,43137,73360
2021-07-13,B,Barcelona,7454,44345,76127
2021-07-14,B,Barcelona,6517,43324,78052
2021-07-15,B,Barcelona,5577,42479,79363
2021-07-16,B,Barcelona,6148,41873,81118
2021-07-17,B,Barcelona,4017,41437,81466
2021-07-18,B,Barcelona,3508,41201,81649
2021-07-19,B,Barcelona,6804,40025,83162
2021-07-20,B,Barcelona,5747,38318,82663
2021-07-21,B,Barcelona,5058,36859,80183
2021-07-22,B,Barcelona,4535,35817,78296
2021-07-23,B,Barcelona,4206,33875,75748
2021-07-24,B,Barcelona,2735,32593,74030
2021-07-25,B,Barcelona,2372,31457,72658
2021-07-26,B,Barcelona,4264,28917,68942
2021-07-27,B,Barcelona,3862,27032,65350
2021-07-28,B,Barcelona,3054,25028,61887
2021-07-29,B,Barcelona,2571,23064,58881
2021-07-30,B,Barcelona,2580,21438,55313
2021-07-31,B,Barcelona,1642,20345,52938
2021-06-15,BA,Badajoz,44,0,0
2021-06-16,BA,Badajoz,37,0,0
2021-06-17,BA,Badajoz,28,0,0
2021-06-18,BA,Badajoz,35,0,0
2021-06-19,BA,Badajoz,44,0,0
2021-06-20,BA,Badajoz,21,0,0
2021-06-21,BA,Badajoz,26,235,0
2021-06-22,BA,Badajoz,38,229,0
2021-06-23,BA,Badajoz,33,225,0
2021-06-24,BA,Badajoz,38,235,0
2021-06-25,BA,Badajoz,44,244,0
2021-06-26,BA,Badajoz,64,264,0
2021-06-27,BA,Badajoz,50,293,0
2021-06-28,BA,Badajoz,88,355,590
2021-06-29,BA,Badajoz,98,415,644
2021-06-30,BA,Badajoz,124,506,731
2021-07-01,BA,Badajoz,109,577,812
2021-07-02,BA,Badajoz,108,641,885
2021-07-03,BA,Badajoz,97,674,938
2021-07-04,BA,Badajoz,94,718,1011
2021-07-05,BA,Badajoz,178,808,1163
2021-07-06,BA,Badajoz,179,889,1304
2021-07-07,BA,Badajoz,218,983,1489
2021-07-08,BA,Badajoz,199,1073,1650
2021-07-09,BA,Badajoz,210,1175,1816
2021-07-10,BA,Badajoz,194,1272,1946
2021-07-11,BA,Badajoz,152,1330,2048
2021-07-12,BA,Badajoz,260,1412,2220
2021-07-13,BA,Badajoz,291,1524,2413
2021-07-14,BA,Badajoz,316,1622,2605
2021-07-15,BA,Badajoz,307,1730,2803
2021-07-16,BA,Badajoz,284,1804,2979
2021-07-17,BA,Badajoz,291,1901,3173
2021-07-18,BA,Badajoz,292,2041,3371
2021-07-19,BA,Badajoz,349,2130,3542
2021-07-20,BA,Badajoz,415,2254,3778
2021-07-21,BA,Badajoz,364,2302,3924
2021-07-22,BA,Badajoz,370,2365,4095
2021-07-23,BA,Badajoz,358,2439,4243
2021-07-24,BA,Badajoz,257,2405,4306
2021-07-25,BA,Badajoz,262,2375,4416
2021-07-26,BA,Badajoz,368,2394,4524
2021-07-27,BA,Badajoz,352,2331,4585
2021-07-28,BA,Badajoz,315,2282,4584
2021-07-29,BA,Badajoz,260,2172,4537
2021-07-30,BA,Badajoz,268,2082,4521
2021-07-31,BA,Badajoz,250,2075,4480
2021-06-15,BI,Bizkaia,114,0,0
2021-06-16,BI,Bizkaia,100,0,0
2021-06-17,BI,Bizkaia,68,0,0
2021-06-18,BI,Bizkaia,87,0,0
2021-06-19,BI,Bizkaia,79,0,0
2021-06-20,BI,Bizkaia,83,0,0
2021-06-21,BI,Bizkaia,77,608,0
2021-06-22,BI,Bizkaia,97,591,0
2021-06-23,BI,Bizkaia,97,588,0
2021-06-24,BI,Bizkaia,78,598,0
2021-06-25,BI,Bizkaia,68,579,0
2021-06-26,BI,Bizkaia,132,632,0
2021-06-27,BI,Bizkaia,154,703,0
2021-06-28,BI,Bizkaia,173,799,1407
2021-06-29,BI,Bizkaia,175,877,1468
2021-06-30,BI,Bizkaia,162,942,1530
2021-07-01,BI,Bizkaia,181,1045,1643
2021-07-02,BI,Bizkaia,205,1182,1761
2021-07-03,BI,Bizkaia,217,1267,1899
2021-07-04,BI,Bizkaia,255,1368,2071
2021-07-05,BI,Bizkaia,298,1493,2292
2021-07-06,BI,Bizkaia,337,1655,2532
2021-07-07,BI,Bizkaia,304,1797,2739
2021-07-08,BI,Bizkaia,289,1905,2950
2021-07-09,BI,Bizkaia,387,2087,3269
2021-07-10,BI,Bizkaia,407,2277,3544
2021-07-11,BI,Bizkaia,467,2489,3857
2021-07-12,BI,Bizkaia,619,2810,4303
2021-07-13,BI,Bizkaia,520,2993,4648
2021-07-14,BI,Bizkaia,525,3214,5011
2021-07-15,BI,Bizkaia,520,3445,5350
2021-07-16,BI,Bizkaia,664,3722,5809
2021-07-17,BI,Bizkaia,826,4141,6418
2021-07-18,BI,Bizkaia,1007,4681,7170
2021-07-19,BI,Bizkaia,1007,5069,7879
2021-07-20,BI,Bizkaia,897,5446,8439
2021-07-21,BI,Bizkaia,697,5618,8832
2021-07-22,BI,Bizkaia,538,5636,9081
2021-07-23,BI,Bizkaia,653,5625,9347
2021-07-24,BI,Bizkaia,781,5580,9721
2021-07-25,BI,Bizkaia,744,5317,9998
2021-07-26,BI,Bizkaia,792,5102,10171
2021-07-27,BI,Bizkaia,664,4869,10315
2021-07-28,BI,Bizkaia,575,4747,10365
2021-07-29,BI,Bizkaia,484,4693,10329
2021-07-30,BI,Bizkaia,464,4504,10129
2021-07-31,BI,Bizkaia,567,4290,9870
2021-06-15,BU,Burgos,25,0,0
2021-06-16,BU,Burgos,19,0,0
2021-06-17,BU,Burgos,14,0,0
2021-06-18,BU,Burgos,17,0,0
2021-06-19,BU,Burgos,21,0,0
2021-06-20,BU,Burgos,13,0,0
2021-06-21,BU,Burgos,29,138,0
2021-06-22,BU,Burgos,27,140,0
2021-06-23,BU,Burgos,34,155,0
2021-06-24,BU,Burgos,27,168,0
2021-06-25,BU,Burgos,38,189,0
2021-06-26,BU,Burgos,39,207,0
2021-06-27,BU,Burgos,65,259,0
2021-06-28,BU,Burgos,77,307,445
2021-06-29,BU,Burgos,122,402,542
2021-06-30,BU,Burgos,150,518,673
2021-07-01,BU,Burgos,252,743,911
2021-07-02,BU,Burgos,360,1065,1254
2021-07-03,BU,Burgos,255,1281,1488
2021-07-04,BU,Burgos,317,1533,1792
2021-07-05,BU,Burgos,543,1999,2306
2021-07-06,BU,Burgos,609,2486,2888
2021-07-07,BU,Burgos,504,2840,3358
2021-07-08,BU,Burgos,404,2992,3735
2021-07-09,BU,Burgos,590,3222,4287
2021-07-10,BU,Burgos,409,3376,4657
2021-07-11,BU,Burgos,310,3369,4902
2021-07-12,BU,Burgos,538,3364,5363
2021-07-13,BU,Burgos,545,3300,5786
2021-07-14,BU,Burgos,413,3209,6049
2021-07-15,BU,Burgos,366,3171,6163
2021-07-16,BU,Burgos,388,2969,6191
2021-07-17,BU,Burgos,278,2838,6214
2021-07-18,BU,Burgos,213,2741,6110
2021-07-19,BU,Burgos,411,2614,5978
2021-07-20,BU,Burgos,338,2407,5707
2021-07-21,BU,Burgos,298,2292,5501
2021-07-22,BU,Burgos,258,2184,5355
2021-07-23,BU,Burgos,307,2103,5072
2021-07-24,BU,Burgos,232,2057,4895
2021-07-25,BU,Burgos,178,2022,4763
2021-07-26,BU,Burgos,283,1894,4508
2021-07-27,BU,Burgos,241,1797,4204
2021-07-28,BU,Burgos,203,1702,3994
2021-07-29,BU,Burgos,160,1604,3788
2021-07-30,BU,Burgos,197,1494,3597
2021-07-31,BU,Burgos,129,1391,3448
2021-06-15,CA,Cantabria,44,0,0
2021-06-16,CA,Cantabria,54,0,0
2021-06-17,CA,Cantabria,66,0,0
2021-06-18,CA,Cantabria,53,0,0
2021-06-19,CA,Cantabria,74,0,0
2021-06-20,CA,Cantabria,65,0,0
2021-06-21,CA,Cantabria,77,433,0
2021-06-22,CA,Cantabria,100,489,0
2021-06-23,CA,Cantabria,112,547,0
2021-06-24,CA,Cantabria,83,564,0
2021-06-25,CA,Cantabria,96,607,0
2021-06-26,CA,Cantabria,108,641,0
2021-06-27,CA,Cantabria,135,711,0
2021-06-28,CA,Cantabria,185,819,1252
2021-06-29,CA,Cantabria,214,933,1422
2021-06-30,CA,Cantabria,197,1018,1565
2021-07-01,CA,Cantabria,201,1136,1700
2021-07-02,CA,Cantabria,248,1288,1895
2021-07-03,CA,Cantabria,174,1354,1995
2021-07-04,CA,Cantabria,189,1408,2119
2021-07-05,CA,Cantabria,280,1503,2322
2021-07-06,CA,Cantabria,301,1590,2523
2021-07-07,CA,Cantabria,292,1685,2703
2021-07-08,CA,Cantabria,271,1755,2891
2021-07-09,CA,Cantabria,211,1718,3006
2021-07-10,CA,Cantabria,209,1753,3107
2021-07-11,CA,Cantabria,225,1789,3197
2021-07-12,CA,Cantabria,305,1814,3317
2021-07-13,CA,Cantabria,278,1791,3381
2021-07-14,CA,Cantabria,285,1784,3469
2021-07-15,CA,Cantabria,276,1789,3544
2021-07-16,CA,Cantabria,272,1850,3568
2021-07-17,CA,Cantabria,288,1929,3682
2021-07-18,CA,Cantabria,267,1971,3760
2021-07-19,CA,Cantabria,337,2003,3817
2021-07-20,CA,Cantabria,308,2033,3824
2021-07-21,CA,Cantabria,306,2054,3838
2021-07-22,CA,Cantabria,326,2104,3893
2021-07-23,CA,Cantabria,253,2085,3935
2021-07-24,CA,Cantabria,279,2076,4005
2021-07-25,CA,Cantabria,227,2036,4007
2021-07-26,CA,Cantabria,225,1924,3927
2021-07-27,CA,Cantabria,267,1883,3916
2021-07-28,CA,Cantabria,242,1819,3873
2021-07-29,CA,Cantabria,212,1705,3809
2021-07-30,CA,Cantabria,196,1648,3733
2021-07-31,CA,Cantabria,190,1559,3635
2021-06-15,CC,Cáceres,19,0,0
2021-06-16,CC,Cáceres,24,0,0
2021-06-17,CC,Cáceres,17,0,0
2021-06-18,CC,Cáceres,14,0,0
2021-06-19,CC,Cáceres,6,0,0
2021-06-20,CC,Cáceres,11,0,0
2021-06-21,CC,Cáceres,36,127,0
2021-06-22,CC,Cáceres,24,132,0
2021-06-23,CC,Cáceres,20,128,0
2021-06-24,CC,Cáceres,29,140,0
2021-06-25,CC,Cáceres,29,155,0
2021-06-26,CC,Cáceres,55,204,0
2021-06-27,CC,Cáceres,32,225,0
2021-06-28,CC,Cáceres,59,248,375
2021-06-29,CC,Cáceres,73,297,429
2021-06-30,CC,Cáceres,84,361,489
2021-07-01,CC,Cáceres,123,455,595
2021-07-02,CC,Cáceres,128,554,709
2021-07-03,CC,Cáceres,72,571,775
2021-07-04,CC,Cáceres,59,598,823
2021-07-05,CC,Cáceres,118,657,905
2021-07-06,CC,Cáceres,81,665,962
2021-07-07,CC,Cáceres,114,695,1056
2021-07-08,CC,Cáceres,94,666,1121
2021-07-09,CC,Cáceres,114,652,1206
2021-07-10,CC,Cáceres,81,661,1232
2021-07-11,CC,Cáceres,72,674,1272
2021-07-12,CC,Cáceres,107,663,1320
2021-07-13,CC,Cáceres,123,705,1370
2021-07-14,CC,Cáceres,143,734,1429
2021-07-15,CC,Cáceres,136,776,1442
2021-07-16,CC,Cáceres,126,788,1440
2021-07-17,CC,Cáceres,125,832,1493
2021-07-18,CC,Cáceres,102,862,1536
2021-07-19,CC,Cáceres,173,928,1591
2021-07-20,CC,Cáceres,184,989,1694
2021-07-21,CC,Cáceres,164,1010,1744
2021-07-22,CC,Cáceres,179,1053,1829
2021-07-23,CC,Cáceres,154,1081,1869
2021-07-24,CC,Cáceres,135,1091,1923
2021-07-25,CC,Cáceres,109,1098,1960
2021-07-26,CC,Cáceres,159,1084,2012
2021-07-27,CC,Cáceres,228,1128,2117
2021-07-28,CC,Cáceres,179,1143,2153
2021-07-29,CC,Cáceres,140,1104,2157
2021-07-30,CC,Cáceres,130,1080,2161
2021-07-31,CC,Cáceres,112,1057,2148
2021-06-15,CE,Ceuta,2,0,0
2021-06-16,CE,Ceuta,0,0,0
2021-06-17,CE,Ceuta,0,0,0
2021-06-18,CE,Ceuta,0,0,0
2021-06-19,CE,Ceuta,2,0,0
2021-06-20,CE,Ceuta,3,0,0
2021-06-21,CE,Ceuta,0,7,0
2021-06-22,CE,Ceuta,2,7,0
2021-06-23,CE,Ceuta,0,7,0
2021-06-24,CE,Ceuta,4,11,0
2021-06-25,CE,Ceuta,1,12,0
2021-06-26,CE,Ceuta,1,11,0
2021-06-27,CE,Ceuta,0,8,0
2021-06-28,CE,Ceuta,4,12,19
2021-06-29,CE,Ceuta,2,12,19
2021-06-30,CE,Ceuta,2,14,21
2021-07-01,CE,Ceuta,2,12,23
2021-07-02,CE,Ceuta,5,16,28
2021-07-03,CE,Ceuta,3,18,29
2021-07-04,CE,Ceuta,1,19,27
2021-07-05,CE,Ceuta,5,20,32
2021-07-06,CE,Ceuta,5,23,35
2021-07-07,CE,Ceuta,4,25,39
2021-07-08,CE,Ceuta,7,30,42
2021-07-09,CE,Ceuta,3,28,44
2021-07-10,CE,Ceuta,7,32,50
2021-07-11,CE,Ceuta,11,42,61
2021-07-12,CE,Ceuta,17,54,74
2021-07-13,CE,Ceuta,11,60,83
2021-07-14,CE,Ceuta,12,68,93
2021-07-15,CE,Ceuta,17,78,108
2021-07-16,CE,Ceuta,15,90,118
2021-07-17,CE,Ceuta,10,93,125
2021-07-18,CE,Ceuta,11,93,135
2021-07-19,CE,Ceuta,18,94,148
2021-07-20,CE,Ceuta,24,107,167
2021-07-21,CE,Ceuta,16,111,179
2021-07-22,CE,Ceuta,27,121,199
2021-07-23,CE,Ceuta,19,125,215
2021-07-24,CE,Ceuta,19,134,227
2021-07-25,CE,Ceuta,14,137,230
2021-07-26,CE,Ceuta,10,129,223
2021-07-27,CE,Ceuta,19,124,231
2021-07-28,CE,Ceuta,25,133,244
2021-07-29,CE,Ceuta,12,118,239
2021-07-30,CE,Ceuta,20,119,244
2021-07-31,CE,Ceuta,13,113,247
2021-06-15,CO,Córdoba,181,0,0
2021-06-16,CO,Córdoba,202,0,0
2021-06-17,CO,Córdoba,151,0,0
2021-06-18,CO,Córdoba,196,0,0
2021-06-19,CO,Córdoba,156,0,0
2021-06-20,CO,Córdoba,125,0,0
2021-06-21,CO,Córdoba,128,1139,0
2021-06-22,CO,Córdoba,160,1118,0
2021-06-23,CO,Córdoba,169,1085,0
2021-06-24,CO,Córdoba,109,1043,0
2021-06-25,CO,Córdoba,139,986,0
2021-06-26,CO,Córdoba,133,963,0
2021-06-27,CO,Córdoba,82,920,0
2021-06-28,CO,Córdoba,118,910,2049
2021-06-29,CO,Córdoba,197,947,2065
2021-06-30,CO,Córdoba,215,993,2078
2021-07-01,CO,Córdoba,227,1111,2154
2021-07-02,CO,Córdoba,204,1176,2162
2021-07-03,CO,Córdoba,169,1212,2175
2021-07-04,CO,Córdoba,160,1290,2210
2021-07-05,CO,Córdoba,249,1421,2331
2021-07-06,CO,Córdoba,235,1459,2406
2021-07-07,CO,Córdoba,240,1484,2477
2021-07-08,CO,Córdoba,200,1457,2568
2021-07-09,CO,Córdoba,240,1493,2669
2021-07-10,CO,Córdoba,222,1546,2758
2021-07-11,CO,Córdoba,190,1576,2866
2021-07-12,CO,Córdoba,286,1613,3034
2021-07-13,CO,Córdoba,329,1707,3166
2021-07-14,CO,Córdoba,351,1818,3302
2021-07-15,CO,Córdoba,325,1943,3400
2021-07-16,CO,Córdoba,342,2045,3538
2021-07-17,CO,Córdoba,300,2123,3669
2021-07-18,CO,Córdoba,268,2201,3777
2021-07-19,CO,Córdoba,391,2306,3919
2021-07-20,CO,Córdoba,536,2513,4220
2021-07-21,CO,Córdoba,501,2663,4481
2021-07-22,CO,Córdoba,361,2699,4642
2021-07-23,CO,Córdoba,377,2734,4779
2021-07-24,CO,Córdoba,344,2778,4901
2021-07-25,CO,Córdoba,242,2752,4953
2021-07-26,CO,Córdoba,318,2679,4985
2021-07-27,CO,Córdoba,406,2549,5062
2021-07-28,CO,Córdoba,348,2396,5059
2021-07-29,CO,Córdoba,345,2380,5079
2021-07-30,CO,Córdoba,316,2319,5053
2021-07-31,CO,Córdoba,251,2226,5004
2021-06-15,CR,Ciudad Real,34,0,0
2021-06-16,CR,Ciudad Real,19,0,0
2021-06-17,CR,Ciudad Real,25,0,0
2021-06-18,CR,Ciudad Real,39,0,0
2021-06-19,CR,Ciudad Real,9,0,0
2021-06-20,CR,Ciudad Real,20,0,0
2021-06-21,CR,Ciudad Real,20,166,0
2021-06-22,CR,Ciudad Real,20,152,0
2021-06-23,CR,Ciudad Real,15,148,0
2021-06-24,CR,Ciudad Real,22,145,0
2021-06-25,CR,Ciudad Real,26,132,0
2021-06-26,CR,Ciudad Real,22,145,0
2021-06-27,CR,Ciudad Real,15,140,0
2021-06-28,CR,Ciudad Real,31,151,317
2021-06-29,CR,Ciudad Real,28,159,311
2021-06-30,CR,Ciudad Real,30,174,322
2021-07-01,CR,Ciudad Real,27,179,324
2021-07-02,CR,Ciudad Real,30,183,315
2021-07-03,CR,Ciudad Real,35,196,341
2021-07-04,CR,Ciudad Real,27,208,348
2021-07-05,CR,Ciudad Real,55,232,383
2021-07-06,CR,Ciudad Real,62,266,425
2021-07-07,CR,Ciudad Real,62,298,472
2021-07-08,CR,Ciudad Real,69,340,519
2021-07-09,CR,Ciudad Real,66,376,559
2021-07-10,CR,Ciudad Real,58,399,595
2021-07-11,CR,Ciudad Real,57,429,637
2021-07-12,CR,Ciudad Real,124,498,730
2021-07-13,CR,Ciudad Real,103,539,805
2021-07-14,CR,Ciudad Real,142,619,917
2021-07-15,CR,Ciudad Real,132,682,1022
2021-07-16,CR,Ciudad Real,113,729,1105
2021-07-17,CR,Ciudad Real,127,798,1197
2021-07-18,CR,Ciudad Real,107,848,1277
2021-07-19,CR,Ciudad Real,181,905,1403
2021-07-20,CR,Ciudad Real,211,1013,1552
2021-07-21,CR,Ciudad Real,218,1089,1708
2021-07-22,CR,Ciudad Real,217,1174,1856
2021-07-23,CR,Ciudad Real,162,1223,1952
2021-07-24,CR,Ciudad Real,175,1271,2069
2021-07-25,CR,Ciudad Real,129,1293,2141
2021-07-26,CR,Ciudad Real,188,1300,2205
2021-07-27,CR,Ciudad Real,226,1315,2328
2021-07-28,CR,Ciudad Real,198,1295,2384
2021-07-29,CR,Ciudad Real,155,1233,2407
2021-07-30,CR,Ciudad Real,189,1260,2483
2021-07-31,CR,Ciudad Real,173,1258,2529
2021-06-15,CS,Castellón/Castelló,12,0,0
2021-06-16,CS,Castellón/Castelló,21,0,0
2021-06-17,CS,Castellón/Castelló,13,0,0
2021-06-18,CS,Castellón/Castelló,16,0,0
2021-06-19,CS,Castellón/Castelló,12,0,0
2021-06-20,CS,Castellón/Castelló,9,0,0
2021-06-21,CS,Castellón/Castelló,24,107,0
2021-06-22,CS,Castellón/Castelló,24,119,0
2021-06-23,CS,Castellón/Castelló,36,134,0
2021-06-24,CS,Castellón/Castelló,24,145,0
2021-06-25,CS,Castellón/Castelló,37,166,0
2021-06-26,CS,Castellón/Castelló,56,210,0
2021-06-27,CS,Castellón/Castelló,57,258,0
2021-06-28,CS,Castellón/Castelló,106,340,447
2021-06-29,CS,Castellón/Castelló,135,451,570
2021-06-30,CS,Castellón/Castelló,136,551,685
2021-07-01,CS,Castellón/Castelló,117,644,789
2021-07-02,CS,Castellón/Castelló,127,734,900
2021-07-03,CS,Castellón/Castelló,113,791,1001
2021-07-04,CS,Castellón/Castelló,115,849,1107
2021-07-05,CS,Castellón/Castelló,167,910,1250
2021-07-06,CS,Castellón/Castelló,187,962,1413
2021-07-07,CS,Castellón/Castelló,202,1028,1579
2021-07-08,CS,Castellón/Castelló,187,1098,1742
2021-07-09,CS,Castellón/Castelló,200,1171,1905
2021-07-10,CS,Castellón/Castelló,229,1287,2078
2021-07-11,CS,Castellón/Castelló,168,1340,2189
2021-07-12,CS,Castellón/Castelló,270,1443,2353
2021-07-13,CS,Castellón/Castelló,287,1543,2505
2021-07-14,CS,Castellón/Castelló,307,1648,2676
2021-07-15,CS,Castellón/Castelló,248,1709,2807
2021-07-16,CS,Castellón/Castelló,268,1777,2948
2021-07-17,CS,Castellón/Castelló,238,1786,3073
2021-07-18,CS,Castellón/Castelló,209,1827,3167
2021-07-19,CS,Castellón/Castelló,355,1912,3355
2021-07-20,CS,Castellón/Castelló,307,1932,3475
2021-07-21,CS,Castellón/Castelló,293,1918,3566
2021-07-22,CS,Castellón/Castelló,293,1963,3672
2021-07-23,CS,Castellón/Castelló,284,1979,3756
2021-07-24,CS,Castellón/Castelló,202,1943,3729
2021-07-25,CS,Castellón/Castelló,182,1916,3743
2021-07-26,CS,Castellón/Castelló,265,1826,3738
2021-07-27,CS,Castellón/Castelló,223,1742,3674
2021-07-28,CS,Castellón/Castelló,219,1668,3586
2021-07-29,CS,Castellón/Castelló,231,1606,3569
2021-07-30,CS,Castellón/Castelló,216,1538,3517
2021-07-31,CS,Castellón/Castelló,176,1512,3455
2021-06-15,CU,Cuenca,1,0,0
2021-06-16,CU,Cuenca,2,0,0
2021-06-17,CU,Cuenca,6,0,0
2021-06-18,CU,Cuenca,6,0,0
2021-06-19,CU,Cuenca,7,0,0
2021-06-20,CU,Cuenca,6,0,0
2021-06-21,CU,Cuenca,1,29,0
2021-06-22,CU,Cuenca,14,42,0
2021-06-23,CU,Cuenca,12,52,0
2021-06-24,CU,Cuenca,4,50,0
2021-06-25,CU,Cuenca,5,49,0
2021-06-26,CU,Cuenca,8,50,0
2021-06-27,CU,Cuenca,8,52,0
2021-06-28,CU,Cuenca,17,68,97
2021-06-29,CU,Cuenca,12,66,108
2021-06-30,CU,Cuenca,18,72,124
2021-07-01,CU,Cuenca,18,86,136
2021-07-02,CU,Cuenca,15,96,145
2021-07-03,CU,Cuenca,28,116,166
2021-07-04,CU,Cuenca,15,123,175
2021-07-05,CU,Cuenca,33,139,207
2021-07-06,CU,Cuenca,34,161,227
2021-07-07,CU,Cuenca,34,177,249
2021-07-08,CU,Cuenca,40,199,285
2021-07-09,CU,Cuenca,44,228,324
2021-07-10,CU,Cuenca,46,246,362
2021-07-11,CU,Cuenca,31,262,385
2021-07-12,CU,Cuenca,72,301,440
2021-07-13,CU,Cuenca,67,334,495
2021-07-14,CU,Cuenca,67,367,544
2021-07-15,CU,Cuenca,74,401,600
2021-07-16,CU,Cuenca,61,418,646
2021-07-17,CU,Cuenca,54,426,672
2021-07-18,CU,Cuenca,59,454,716
2021-07-19,CU,Cuenca,71,453,754
2021-07-20,CU,Cuenca,69,455,789
2021-07-21,CU,Cuenca,74,462,829
2021-07-22,CU,Cuenca,88,476,877
2021-07-23,CU,Cuenca,71,486,904
2021-07-24,CU,Cuenca,40,472,898
2021-07-25,CU,Cuenca,53,466,920
2021-07-26,CU,Cuenca,71,466,919
2021-07-27,CU,Cuenca,69,466,921
2021-07-28,CU,Cuenca,89,481,943
2021-07-29,CU,Cuenca,50,443,919
2021-07-30,CU,Cuenca,72,444,930
2021-07-31,CU,Cuenca,71,475,947
2021-06-15,CZ,Cádiz,167,0,0
2021-06-16,CZ,Cádiz,160,0,0
2021-06-17,CZ,Cádiz,159,0,0
2021-06-18,CZ,Cádiz,147,0,0
2021-06-19,CZ,Cádiz,124,0,0
2021-06-20,CZ,Cádiz,116,0,0
2021-06-21,CZ,Cádiz,125,998,0
2021-06-22,CZ,Cádiz,149,980,0
2021-06-23,CZ,Cádiz,144,964,0
2021-06-24,CZ,Cádiz,117,922,0
2021-06-25,CZ,Cádiz,161,936,0
2021-06-26,CZ,Cádiz,147,959,0
2021-06-27,CZ,Cádiz,105,948,0
2021-06-28,CZ,Cádiz,234,1057,2055
2021-06-29,CZ,Cádiz,296,1204,2184
2021-06-30,CZ,Cádiz,260,1320,2284
2021-07-01,CZ,Cádiz,303,1506,2428
2021-07-02,CZ,Cádiz,261,1606,2542
2021-07-03,CZ,Cádiz,189,1648,2607
2021-07-04,CZ,Cádiz,196,1739,2687
2021-07-05,CZ,Cádiz,324,1829,2886
2021-07-06,CZ,Cádiz,301,1834,3038
2021-07-07,CZ,Cádiz,420,1994,3314
2021-07-08,CZ,Cádiz,398,2089,3595
2021-07-09,CZ,Cádiz,471,2299,3905
2021-07-10,CZ,Cádiz,383,2493,4141
2021-07-11,CZ,Cádiz,297,2594,4333
2021-07-12,CZ,Cádiz,502,2772,4601
2021-07-13,CZ,Cádiz,704,3175,5009
2021-07-14,CZ,Cádiz,593,3348,5342
2021-07-15,CZ,Cádiz,660,3610,5699
2021-07-16,CZ,Cádiz,605,3744,6043
2021-07-17,CZ,Cádiz,457,3818,6311
2021-07-18,CZ,Cádiz,405,3926,6520
2021-07-19,CZ,Cádiz,580,4004,6776
2021-07-20,CZ,Cádiz,812,4112,7287
2021-07-21,CZ,Cádiz,694,4213,7561
2021-07-22,CZ,Cádiz,792,4345,7955
2021-07-23,CZ,Cádiz,673,4413,8157
2021-07-24,CZ,Cádiz,576,4532,8350
2021-07-25,CZ,Cádiz,352,4479,8405
2021-07-26,CZ,Cádiz,598,4497,8501
2021-07-27,CZ,Cádiz,785,4470,8582
2021-07-28,CZ,Cádiz,721,4497,8710
2021-07-29,CZ,Cádiz,687,4392,8737
2021-07-30,CZ,Cádiz,705,4424,8837
2021-07-31,CZ,Cádiz,534,4382,8914
2021-06-15,CÑ,A Coruña,50,0,0
2021-06-16,CÑ,A Coruña,66,0,0
2021-06-17,CÑ,A Coruña,44,0,0
2021-06-18,CÑ,A Coruña,47,0,0
2021-06-19,CÑ,A Coruña,31,0,0
2021-06-20,CÑ,A Coruña,46,0,0
2021-06-21,CÑ,A Coruña,45,329,0
2021-06-22,CÑ,A Coruña,60,339,0
2021-06-23,CÑ,A Coruña,36,309,0
2021-06-24,CÑ,A Coruña,55,320,0
2021-06-25,CÑ,A Coruña,61,334,0
2021-06-26,CÑ,A Coruña,61,364,0
2021-06-27,CÑ,A Coruña,59,377,0
2021-06-28,CÑ,A Coruña,91,423,752
2021-06-29,CÑ,A Coruña,81,444,783
2021-06-30,CÑ,A Coruña,93,501,810
2021-07-01,CÑ,A Coruña,102,548,868
2021-07-02,CÑ,A Coruña,98,585,919
2021-07-03,CÑ,A Coruña,85,609,973
2021-07-04,CÑ,A Coruña,89,639,1016
2021-07-05,CÑ,A Coruña,153,701,1124
2021-07-06,CÑ,A Coruña,167,787,1231
2021-07-07,CÑ,A Coruña,201,895,1396
2021-07-08,CÑ,A Coruña,208,1001,1549
2021-07-09,CÑ,A Coruña,234,1137,1722
2021-07-10,CÑ,A Coruña,246,1298,1907
2021-07-11,CÑ,A Coruña,221,1430,2069
2021-07-12,CÑ,A Coruña,414,1691,2392
2021-07-13,CÑ,A Coruña,438,1962,2749
2021-07-14,CÑ,A Coruña,480,2241,3136
2021-07-15,CÑ,A Coruña,476,2509,3510
2021-07-16,CÑ,A Coruña,458,2733,3870
2021-07-17,CÑ,A Coruña,455,2942,4240
2021-07-18,CÑ,A Coruña,506,3227,4657
2021-07-19,CÑ,A Coruña,684,3497,5188
2021-07-20,CÑ,A Coruña,641,3700,5662
2021-07-21,CÑ,A Coruña,593,3813,6054
2021-07-22,CÑ,A Coruña,597,3934,6443
2021-07-23,CÑ,A Coruña,524,4000,6733
2021-07-24,CÑ,A Coruña,520,4065,7007
2021-07-25,CÑ,A Coruña,442,4001,7228
2021-07-26,CÑ,A Coruña,576,3893,7390
2021-07-27,CÑ,A Coruña,584,3836,7536
2021-07-28,CÑ,A Coruña,462,3705,7518
2021-07-29,CÑ,A Coruña,421,3529,7463
2021-07-30,CÑ,A Coruña,460,3465,7465
2021-07-31,CÑ,A Coruña,450,3395,7460
2021-06-15,GC,Palmas; Las,57,0,0
2021-06-16,GC,Palmas; Las,32,0,0
2021-06-17,GC,Palmas; Las,46,0,0
2021-06-18,GC,Palmas; Las,44,0,0
2021-06-19,GC,Palmas; Las,50,0,0
2021-06-20,GC,Palmas; Las,40,0,0
2021-06-21,GC,Palmas; Las,38,307,0
2021-06-22,GC,Palmas; Las,50,300,0
2021-06-23,GC,Palmas; Las,49,317,0
2021-06-24,GC,Palmas; Las,50,321,0
2021-06-25,GC,Palmas; Las,49,326,0
2021-06-26,GC,Palmas; Las,55,331,0
2021-06-27,GC,Palmas; Las,53,344,0
2021-06-28,GC,Palmas; Las,82,388,695
2021-06-29,GC,Palmas; Las,106,444,744
2021-06-30,GC,Palmas; Las,107,502,819
2021-07-01,GC,Palmas; Las,140,592,913
2021-07-02,GC,Palmas; Las,112,655,981
2021-07-03,GC,Palmas; Las,105,705,1036
2021-07-04,GC,Palmas; Las,111,763,1107
2021-07-05,GC,Palmas; Las,166,847,1235
2021-07-06,GC,Palmas; Las,178,919,1363
2021-07-07,GC,Palmas; Las,178,990,1492
2021-07-08,GC,Palmas; Las,203,1053,1645
2021-07-09,GC,Palmas; Las,187,1128,1783
2021-07-10,GC,Palmas; Las,249,1272,1977
2021-07-11,GC,Palmas; Las,238,1399,2162
2021-07-12,GC,Palmas; Las,324,1557,2404
2021-07-13,GC,Palmas; Las,311,1690,2609
2021-07-14,GC,Palmas; Las,308,1820,2810
2021-07-15,GC,Palmas; Las,318,1935,2988
2021-07-16,GC,Palmas; Las,287,2035,3163
2021-07-17,GC,Palmas; Las,302,2088,3360
2021-07-18,GC,Palmas; Las,308,2158,3557
2021-07-19,GC,Palmas; Las,361,2195,3752
2021-07-20,GC,Palmas; Las,399,2283,3973
2021-07-21,GC,Palmas; Las,381,2356,4176
2021-07-22,GC,Palmas; Las,378,2416,4351
2021-07-23,GC,Palmas; Las,340,2469,4504
2021-07-24,GC,Palmas; Las,384,2551,4639
2021-07-25,GC,Palmas; Las,316,2559,4717
2021-07-26,GC,Palmas; Las,405,2603,4798
2021-07-27,GC,Palmas; Las,438,2642,4925
2021-07-28,GC,Palmas; Las,410,2671,5027
2021-07-29,GC,Palmas; Las,356,2649,5065
2021-07-30,GC,Palmas; Las,306,2615,5084
2021-07-31,GC,Palmas; Las,300,2531,5082
2021-06-15,GI,Girona,57,0,0
2021-06-16,GI,Girona,55,0,0
2021-06-17,GI,Girona,58,0,0
2021-06-18,GI,Girona,35,0,0
2021-06-19,GI,Girona,37,0,0
2021-06-20,GI,Girona,41,0,0
2021-06-21,GI,Girona,58,341,0
2021-06-22,GI,Girona,47,331,0
2021-06-23,GI,Girona,65,341,0
2021-06-24,GI,Girona,52,335,0
2021-06-25,GI,Girona,70,370,0
2021-06-26,GI,Girona,122,455,0
2021-06-27,GI,Girona,173,587,0
2021-06-28,GI,Girona,233,762,1103
2021-06-29,GI,Girona,348,1063,1394
2021-06-30,GI,Girona,375,1373,1714
2021-07-01,GI,Girona,386,1707,2042
2021-07-02,GI,Girona,334,1971,2341
2021-07-03,GI,Girona,338,2187,2642
2021-07-04,GI,Girona,291,2305,2892
2021-07-05,GI,Girona,440,2512,3274
2021-07-06,GI,Girona,540,2704,3767
2021-07-07,GI,Girona,667,2996,4369
2021-07-08,GI,Girona,653,3263,4970
2021-07-09,GI,Girona,709,3638,5609
2021-07-10,GI,Girona,488,3788,5975
2021-07-11,GI,Girona,506,4003,6308
2021-07-12,GI,Girona,758,4321,6833
2021-07-13,GI,Girona,846,4627,7331
2021-07-14,GI,Girona,709,4669,7665
2021-07-15,GI,Girona,692,4708,7971
2021-07-16,GI,Girona,702,4701,8339
2021-07-17,GI,Girona,476,4689,8477
2021-07-18,GI,Girona,424,4607,8610
2021-07-19,GI,Girona,728,4577,8898
2021-07-20,GI,Girona,612,4343,8970
2021-07-21,GI,Girona,659,4293,8962
2021-07-22,GI,Girona,545,4146,8854
2021-07-23,GI,Girona,463,3907,8608
2021-07-24,GI,Girona,353,3784,8473
2021-07-25,GI,Girona,278,3638,8245
2021-07-26,GI,Girona,434,3344,7921
2021-07-27,GI,Girona,420,3152,7495
2021-07-28,GI,Girona,387,2880,7173
2021-07-29,GI,Girona,309,2644,6790
2021-07-30,GI,Girona,346,2527,6434
2021-07-31,GI,Girona,236,2410,6194
2021-06-15,GP,Gipuzkoa,24,0,0
2021-06-16,GP,Gipuzkoa,28,0,0
2021-06-17,GP,Gipuzkoa,13,0,0
2021-06-18,GP,Gipuzkoa,31,0,0
2021-06-19,GP,Gipuzkoa,70,0,0
2021-06-20,GP,Gipuzkoa,49,0,0
2021-06-21,GP,Gipuzkoa,80,295,0
2021-06-22,GP,Gipuzkoa,82,353,0
2021-06-23,GP,Gipuzkoa,48,373,0
2021-06-24,GP,Gipuzkoa,55,415,0
2021-06-25,GP,Gipuzkoa,68,452,0
2021-06-26,GP,Gipuzkoa,113,495,0
2021-06-27,GP,Gipuzkoa,149,595,0
2021-06-28,GP,Gipuzkoa,180,695,990
2021-06-29,GP,Gipuzkoa,242,855,1208
2021-06-30,GP,Gipuzkoa,158,965,1338
2021-07-01,GP,Gipuzkoa,150,1060,1475
2021-07-02,GP,Gipuzkoa,213,1205,1657
2021-07-03,GP,Gipuzkoa,240,1332,1827
2021-07-04,GP,Gipuzkoa,250,1433,2028
2021-07-05,GP,Gipuzkoa,260,1513,2208
2021-07-06,GP,Gipuzkoa,255,1526,2381
2021-07-07,GP,Gipuzkoa,276,1644,2609
2021-07-08,GP,Gipuzkoa,271,1765,2825
2021-07-09,GP,Gipuzkoa,250,1802,3007
2021-07-10,GP,Gipuzkoa,372,1934,3266
2021-07-11,GP,Gipuzkoa,463,2147,3580
2021-07-12,GP,Gipuzkoa,446,2333,3846
2021-07-13,GP,Gipuzkoa,420,2498,4024
2021-07-14,GP,Gipuzkoa,349,2571,4215
2021-07-15,GP,Gipuzkoa,420,2720,4485
2021-07-16,GP,Gipuzkoa,441,2911,4713
2021-07-17,GP,Gipuzkoa,468,3007,4941
2021-07-18,GP,Gipuzkoa,473,3017,5164
2021-07-19,GP,Gipuzkoa,592,3163,5496
2021-07-20,GP,Gipuzkoa,485,3228,5726
2021-07-21,GP,Gipuzkoa,409,3288,5859
2021-07-22,GP,Gipuzkoa,304,3172,5892
2021-07-23,GP,Gipuzkoa,354,3085,5996
2021-07-24,GP,Gipuzkoa,423,3040,6047
2021-07-25,GP,Gipuzkoa,411,2978,5995
2021-07-26,GP,Gipuzkoa,387,2773,5936
2021-07-27,GP,Gipuzkoa,387,2675,5903
2021-07-28,GP,Gipuzkoa,243,2509,5797
2021-07-29,GP,Gipuzkoa,232,2437,5609
2021-07-30,GP,Gipuzkoa,298,2381,5466
2021-07-31,GP,Gipuzkoa,321,2279,5319
2021-06-15,GR,Granada,147,0,0
2021-06-16,GR,Granada,142,0,0
2021-06-17,GR,Granada,122,0,0
2021-06-18,GR,Granada,198,0,0
2021-06-19,GR,Granada,112,0,0
2021-06-20,GR,Granada,95,0,0
2021-06-21,GR,Granada,137,953,0
2021-06-22,GR,Granada,182,988,0
2021-06-23,GR,Granada,160,1006,0
2021-06-24,GR,Granada,123,1007,0
2021-06-25,GR,Granada,156,965,0
2021-06-26,GR,Granada,130,983,0
2021-06-27,GR,Granada,98,986,0
2021-06-28,GR,Granada,254,1103,2056
2021-06-29,GR,Granada,347,1268,2256
2021-06-30,GR,Granada,334,1442,2448
2021-07-01,GR,Granada,205,1524,2531
2021-07-02,GR,Granada,269,1637,2602
2021-07-03,GR,Granada,188,1695,2678
2021-07-04,GR,Granada,159,1756,2742
2021-07-05,GR,Granada,298,1800,2903
2021-07-06,GR,Granada,276,1729,2997
2021-07-07,GR,Granada,321,1716,3158
2021-07-08,GR,Granada,238,1749,3273
2021-07-09,GR,Granada,378,1858,3495
2021-07-10,GR,Granada,275,1945,3640
2021-07-11,GR,Granada,161,1947,3703
2021-07-12,GR,Granada,315,1964,3764
2021-07-13,GR,Granada,315,2003,3732
2021-07-14,GR,Granada,263,1945,3661
2021-07-15,GR,Granada,260,1967,3716
2021-07-16,GR,Granada,408,1997,3855
2021-07-17,GR,Granada,263,1985,3930
2021-07-18,GR,Granada,218,2042,3989
2021-07-19,GR,Granada,363,2090,4054
2021-07-20,GR,Granada,430,2205,4208
2021-07-21,GR,Granada,314,2256,4201
2021-07-22,GR,Granada,297,2293,4260
2021-07-23,GR,Granada,327,2212,4209
2021-07-24,GR,Granada,266,2215,4200
2021-07-25,GR,Granada,232,2229,4271
2021-07-26,GR,Granada,394,2260,4350
2021-07-27,GR,Granada,391,2221,4426
2021-07-28,GR,Granada,350,2257,4513
2021-07-29,GR,Granada,350,2310,4603
2021-07-30,GR,Granada,337,2320,4532
2021-07-31,GR,Granada,256,2310,4525
2021-06-15,GU,Guadalajara,12,0,0
2021-06-16,GU,Guadalajara,13,0,0
2021-06-17,GU,Guadalajara,15,0,0
2021-06-18,GU,Guadalajara,18,0,0
2021-06-19,GU,Guadalajara,9,0,0
2021-06-20,GU,Guadalajara,8,0,0
2021-06-21,GU,Guadalajara,14,89,0
2021-06-22,GU,Guadalajara,19,96,0
2021-06-23,GU,Guadalajara,16,99,0
2021-06-24,GU,Guadalajara,16,100,0
2021-06-25,GU,Guadalajara,14,96,0
2021-06-26,GU,Guadalajara,16,103,0
2021-06-27,GU,Guadalajara,8,103,0
2021-06-28,GU,Guadalajara,17,106,195
2021-06-29,GU,Guadalajara,7,94,190
2021-06-30,GU,Guadalajara,17,95,194
2021-07-01,GU,Guadalajara,23,102,202
2021-07-02,GU,Guadalajara,26,114,210
2021-07-03,GU,Guadalajara,21,119,222
2021-07-04,GU,Guadalajara,21,132,235
2021-07-05,GU,Guadalajara,32,147,253
2021-07-06,GU,Guadalajara,31,171,265
2021-07-07,GU,Guadalajara,39,193,288
2021-07-08,GU,Guadalajara,38,208,310
2021-07-09,GU,Guadalajara,56,238,352
2021-07-10,GU,Guadalajara,42,259,378
2021-07-11,GU,Guadalajara,53,291,423
2021-07-12,GU,Guadalajara,70,329,476
2021-07-13,GU,Guadalajara,97,395,566
2021-07-14,GU,Guadalajara,74,430,623
2021-07-15,GU,Guadalajara,88,480,688
2021-07-16,GU,Guadalajara,78,502,740
2021-07-17,GU,Guadalajara,82,542,801
2021-07-18,GU,Guadalajara,64,553,844
2021-07-19,GU,Guadalajara,129,612,941
2021-07-20,GU,Guadalajara,134,649,1044
2021-07-21,GU,Guadalajara,140,715,1145
2021-07-22,GU,Guadalajara,134,761,1241
2021-07-23,GU,Guadalajara,129,812,1314
2021-07-24,GU,Guadalajara,104,834,1376
2021-07-25,GU,Guadalajara,104,874,1427
2021-07-26,GU,Guadalajara,145,890,1502
2021-07-27,GU,Guadalajara,131,887,1536
2021-07-28,GU,Guadalajara,147,894,1609
2021-07-29,GU,Guadalajara,145,905,1666
2021-07-30,GU,Guadalajara,106,882,1694
2021-07-31,GU,Guadalajara,126,904,1738
2021-06-15,HS,Huesca,11,0,0
2021-06-16,HS,Huesca,7,0,0
2021-06-17,HS,Huesca,4,0,0
2021-06-18,HS,Huesca,3,0,0
2021-06-19,HS,Huesca,7,0,0
2021-06-20,HS,Huesca,3,0,0
2021-06-21,HS,Huesca,11,46,0
2021-06-22,HS,Huesca,23,58,0
2021-06-23,HS,Huesca,4,55,0
2021-06-24,HS,Huesca,8,59,0
2021-06-25,HS,Huesca,16,72,0
2021-06-26,HS,Huesca,8,73,0
2021-06-27,HS,Huesca,10,80,0
2021-06-28,HS,Huesca,32,101,147
2021-06-29,HS,Huesca,40,118,176
2021-06-30,HS,Huesca,30,144,199
2021-07-01,HS,Huesca,41,177,236
2021-07-02,HS,Huesca,41,202,274
2021-07-03,HS,Huesca,59,253,326
2021-07-04,HS,Huesca,85,328,408
2021-07-05,HS,Huesca,120,416,517
2021-07-06,HS,Huesca,181,557,675
2021-07-07,HS,Huesca,147,674,818
2021-07-08,HS,Huesca,119,752,929
2021-07-09,HS,Huesca,132,843,1045
2021-07-10,HS,Huesca,106,890,1143
2021-07-11,HS,Huesca,120,925,1253
2021-07-12,HS,Huesca,170,975,1391
2021-07-13,HS,Huesca,213,1007,1564
2021-07-14,HS,Huesca,163,1023,1697
2021-07-15,HS,Huesca,177,1081,1833
2021-07-16,HS,Huesca,191,1140,1983
2021-07-17,HS,Huesca,173,1207,2097
2021-07-18,HS,Huesca,177,1264,2189
2021-07-19,HS,Huesca,216,1310,2285
2021-07-20,HS,Huesca,217,1314,2321
2021-07-21,HS,Huesca,165,1316,2339
2021-07-22,HS,Huesca,179,1318,2399
2021-07-23,HS,Huesca,167,1294,2434
2021-07-24,HS,Huesca,149,1270,2477
2021-07-25,HS,Huesca,112,1205,2469
2021-07-26,HS,Huesca,151,1140,2450
2021-07-27,HS,Huesca,140,1063,2377
2021-07-28,HS,Huesca,133,1031,2347
2021-07-29,HS,Huesca,137,989,2307
2021-07-30,HS,Huesca,150,972,2266
2021-07-31,HS,Huesca,104,927,2197
2021-06-15,HU,Huelva,104,0,0
2021-06-16,HU,Huelva,84,0,0
2021-06-17,HU,Huelva,63,0,0
2021-06-18,HU,Huelva,71,0,0
2021-06-19,HU,Huelva,45,0,0
2021-06-20,HU,Huelva,46,0,0
2021-06-21,HU,Huelva,69,482,0
2021-06-22,HU,Huelva,70,448,0
2021-06-23,HU,Huelva,80,444,0
2021-06-24,HU,Huelva,51,432,0
2021-06-25,HU,Huelva,58,419,0
2021-06-26,HU,Huelva,62,436,0
2021-06-27,HU,Huelva,45,435,0
2021-06-28,HU,Huelva,79,445,927
2021-06-29,HU,Huelva,97,472,920
2021-06-30,HU,Huelva,81,473,917
2021-07-01,HU,Huelva,66,488,920
2021-07-02,HU,Huelva,80,510,929
2021-07-03,HU,Huelva,72,520,956
2021-07-04,HU,Huelva,64,539,974
2021-07-05,HU,Huelva,113,573,1018
2021-07-06,HU,Huelva,142,618,1090
2021-07-07,HU,Huelva,109,646,1119
2021-07-08,HU,Huelva,110,690,1178
2021-07-09,HU,Huelva,116,726,1236
2021-07-10,HU,Huelva,134,788,1308
2021-07-11,HU,Huelva,152,876,1415
2021-07-12,HU,Huelva,195,958,1531
2021-07-13,HU,Huelva,238,1054,1672
2021-07-14,HU,Huelva,241,1186,1832
2021-07-15,HU,Huelva,188,1264,1954
2021-07-16,HU,Huelva,214,1362,2088
2021-07-17,HU,Huelva,178,1406,2194
2021-07-18,HU,Huelva,221,1475,2351
2021-07-19,HU,Huelva,244,1524,2482
2021-07-20,HU,Huelva,301,1587,2641
2021-07-21,HU,Huelva,242,1588,2774
2021-07-22,HU,Huelva,257,1657,2921
2021-07-23,HU,Huelva,216,1659,3021
2021-07-24,HU,Huelva,171,1652,3058
2021-07-25,HU,Huelva,206,1637,3112
2021-07-26,HU,Huelva,298,1691,3215
2021-07-27,HU,Huelva,290,1680,3267
2021-07-28,HU,Huelva,294,1732,3320
2021-07-29,HU,Huelva,271,1746,3403
2021-07-30,HU,Huelva,288,1818,3477
2021-07-31,HU,Huelva,203,1850,3502
2021-06-15,IB,Balears; Illes,49,0,0
2021-06-16,IB,Balears; Illes,32,0,0
2021-06-17,IB,Balears; Illes,36,0,0
2021-06-18,IB,Balears; Illes,33,0,0
2021-06-19,IB,Balears; Illes,50,0,0
2021-06-20,IB,Balears; Illes,62,0,0
2021-06-21,IB,Balears; Illes,68,330,0
2021-06-22,IB,Balears; Illes,109,390,0
2021-06-23,IB,Balears; Illes,109,467,0
2021-06-24,IB,Balears; Illes,92,523,0
2021-06-25,IB,Balears; Illes,131,621,0
2021-06-26,IB,Balears; Illes,152,723,0
2021-06-27,IB,Balears; Illes,194,855,0
2021-06-28,IB,Balears; Illes,216,1003,1333
2021-06-29,IB,Balears; Illes,186,1080,1470
2021-06-30,IB,Balears; Illes,183,1154,1621
2021-07-01,IB,Balears; Illes,470,1532,2055
2021-07-02,IB,Balears; Illes,424,1825,2446
2021-07-03,IB,Balears; Illes,391,2064,2787
2021-07-04,IB,Balears; Illes,358,2228,3083
2021-07-05,IB,Balears; Illes,537,2549,3552
2021-07-06,IB,Balears; Illes,573,2936,4016
2021-07-07,IB,Balears; Illes,618,3371,4525
2021-07-08,IB,Balears; Illes,536,3437,4969
2021-07-09,IB,Balears; Illes,584,3597,5422
2021-07-10,IB,Balears; Illes,606,3812,5876
2021-07-11,IB,Balears; Illes,623,4077,6305
2021-07-12,IB,Balears; Illes,897,4437,6986
2021-07-13,IB,Balears; Illes,952,4816,7752
2021-07-14,IB,Balears; Illes,930,5128,8499
2021-07-15,IB,Balears; Illes,874,5466,8903
2021-07-16,IB,Balears; Illes,930,5812,9409
2021-07-17,IB,Balears; Illes,812,6018,9830
2021-07-18,IB,Balears; Illes,799,6194,10271
2021-07-19,IB,Balears; Illes,1093,6390,10827
2021-07-20,IB,Balears; Illes,1090,6528,11344
2021-07-21,IB,Balears; Illes,984,6582,11710
2021-07-22,IB,Balears; Illes,976,6684,12150
2021-07-23,IB,Balears; Illes,941,6695,12507
2021-07-24,IB,Balears; Illes,882,6765,12783
2021-07-25,IB,Balears; Illes,737,6703,12897
2021-07-26,IB,Balears; Illes,908,6518,12908
2021-07-27,IB,Balears; Illes,871,6299,12827
2021-07-28,IB,Balears; Illes,662,5977,12559
2021-07-29,IB,Balears; Illes,585,5586,12270
2021-07-30,IB,Balears; Illes,414,5059,11754
2021-07-31,IB,Balears; Illes,247,4424,11189
2021-06-15,JA,Jaén,72,0,0
2021-06-16,JA,Jaén,69,0,0
2021-06-17,JA,Jaén,78,0,0
2021-06-18,JA,Jaén,43,0,0
2021-06-19,JA,Jaén,58,0,0
2021-06-20,JA,Jaén,43,0,0
2021-06-21,JA,Jaén,77,440,0
2021-06-22,JA,Jaén,85,453,0
2021-06-23,JA,Jaén,91,475,0
2021-06-24,JA,Jaén,85,482,0
2021-06-25,JA,Jaén,71,510,0
2021-06-26,JA,Jaén,74,526,0
2021-06-27,JA,Jaén,55,538,0
2021-06-28,JA,Jaén,107,568,1008
2021-06-29,JA,Jaén,136,619,1072
2021-06-30,JA,Jaén,158,686,1161
2021-07-01,JA,Jaén,165,766,1248
2021-07-02,JA,Jaén,128,823,1333
2021-07-03,JA,Jaén,80,829,1355
2021-07-04,JA,Jaén,110,884,1422
2021-07-05,JA,Jaén,135,912,1480
2021-07-06,JA,Jaén,175,951,1570
2021-07-07,JA,Jaén,144,937,1623
2021-07-08,JA,Jaén,159,931,1697
2021-07-09,JA,Jaén,129,932,1755
2021-07-10,JA,Jaén,125,977,1806
2021-07-11,JA,Jaén,74,941,1825
2021-07-12,JA,Jaén,159,965,1877
2021-07-13,JA,Jaén,177,967,1918
2021-07-14,JA,Jaén,172,995,1932
2021-07-15,JA,Jaén,126,962,1893
2021-07-16,JA,Jaén,230,1063,1995
2021-07-17,JA,Jaén,122,1060,2037
2021-07-18,JA,Jaén,112,1098,2039
2021-07-19,JA,Jaén,237,1176,2141
2021-07-20,JA,Jaén,313,1312,2279
2021-07-21,JA,Jaén,256,1396,2391
2021-07-22,JA,Jaén,228,1498,2460
2021-07-23,JA,Jaén,245,1513,2576
2021-07-24,JA,Jaén,199,1590,2650
2021-07-25,JA,Jaén,154,1632,2730
2021-07-26,JA,Jaén,296,1691,2867
2021-07-27,JA,Jaén,351,1729,3041
2021-07-28,JA,Jaén,320,1793,3189
2021-07-29,JA,Jaén,325,1890,3388
2021-07-30,JA,Jaén,297,1942,3455
2021-07-31,JA,Jaén,245,1988,3578
2021-06-15,LE,León,31,0,0
2021-06-16,LE,León,27,0,0
2021-06-17,LE,León,36,0,0
2021-06-18,LE,León,31,0,0
2021-06-19,LE,León,25,0,0
2021-06-20,LE,León,21,0,0
2021-06-21,LE,León,40,211,0
2021-06-22,LE,León,48,228,0
2021-06-23,LE,León,37,238,0
2021-06-24,LE,León,57,259,0
2021-06-25,LE,León,73,301,0
2021-06-26,LE,León,104,380,0
2021-06-27,LE,León,89,448,0
2021-06-28,LE,León,156,564,775
2021-06-29,LE,León,195,711,939
2021-06-30,LE,León,234,908,1146
2021-07-01,LE,León,246,1097,1356
2021-07-02,LE,León,227,1251,1552
2021-07-03,LE,León,357,1504,1884
2021-07-04,LE,León,153,1568,2016
2021-07-05,LE,León,263,1675,2239
2021-07-06,LE,León,275,1755,2466
2021-07-07,LE,León,301,1822,2730
2021-07-08,LE,León,250,1826,2923
2021-07-09,LE,León,211,1810,3061
2021-07-10,LE,León,173,1626,3130
2021-07-11,LE,León,136,1609,3177
2021-07-12,LE,León,254,1600,3275
2021-07-13,LE,León,215,1540,3295
2021-07-14,LE,León,206,1445,3267
2021-07-15,LE,León,211,1406,3232
2021-07-16,LE,León,192,1387,3197
2021-07-17,LE,León,186,1400,3026
2021-07-18,LE,León,124,1388,2997
2021-07-19,LE,León,152,1286,2886
2021-07-20,LE,León,217,1288,2828
2021-07-21,LE,León,207,1289,2734
2021-07-22,LE,León,137,1215,2621
2021-07-23,LE,León,151,1174,2561
2021-07-24,LE,León,123,1111,2511
2021-07-25,LE,León,98,1085,2473
2021-07-26,LE,León,154,1087,2373
2021-07-27,LE,León,150,1020,2308
2021-07-28,LE,León,96,909,2198
2021-07-29,LE,León,106,878,2093
2021-07-30,LE,León,110,837,2011
2021-07-31,LE,León,98,812,1923
2021-06-15,LL,Lleida,25,0,0
2021-06-16,LL,Lleida,13,0,0
2021-06-17,LL,Lleida,19,0,0
2021-06-18,LL,Lleida,13,0,0
2021-06-19,LL,Lleida,9,0,0
2021-06-20,LL,Lleida,19,0,0
2021-06-21,LL,Lleida,25,123,0
2021-06-22,LL,Lleida,29,127,0
2021-06-23,LL,Lleida,24,138,0
2021-06-24,LL,Lleida,31,150,0
2021-06-25,LL,Lleida,44,181,0
2021-06-26,LL,Lleida,59,231,0
2021-06-27,LL,Lleida,97,309,0
2021-06-28,LL,Lleida,132,416,539
2021-06-29,LL,Lleida,135,522,649
2021-06-30,LL,Lleida,138,636,774
2021-07-01,LL,Lleida,97,702,852
2021-07-02,LL,Lleida,128,786,967
2021-07-03,LL,Lleida,126,853,1084
2021-07-04,LL,Lleida,121,877,1186
2021-07-05,LL,Lleida,194,939,1355
2021-07-06,LL,Lleida,223,1027,1549
2021-07-07,LL,Lleida,235,1124,1760
2021-07-08,LL,Lleida,232,1259,1961
2021-07-09,LL,Lleida,287,1418,2204
2021-07-10,LL,Lleida,235,1527,2380
2021-07-11,LL,Lleida,211,1617,2494
2021-07-12,LL,Lleida,365,1788,2727
2021-07-13,LL,Lleida,347,1912,2939
2021-07-14,LL,Lleida,291,1968,3092
2021-07-15,LL,Lleida,260,1996,3255
2021-07-16,LL,Lleida,299,2008,3426
2021-07-17,LL,Lleida,237,2010,3537
2021-07-18,LL,Lleida,242,2041,3658
2021-07-19,LL,Lleida,335,2011,3799
2021-07-20,LL,Lleida,314,1978,3890
2021-07-21,LL,Lleida,296,1983,3951
2021-07-22,LL,Lleida,239,1962,3958
2021-07-23,LL,Lleida,198,1861,3869
2021-07-24,LL,Lleida,181,1805,3815
2021-07-25,LL,Lleida,152,1715,3756
2021-07-26,LL,Lleida,242,1622,3633
2021-07-27,LL,Lleida,212,1520,3498
2021-07-28,LL,Lleida,189,1413,3396
2021-07-29,LL,Lleida,185,1359,3321
2021-07-30,LL,Lleida,173,1334,3195
2021-07-31,LL,Lleida,146,1299,3104
2021-06-15,LO,Rioja; La,43,0,0
2021-06-16,LO,Rioja; La,32,0,0
2021-06-17,LO,Rioja; La,26,0,0
2021-06-18,LO,Rioja; La,28,0,0
2021-06-19,LO,Rioja; La,22,0,0
2021-06-20,LO,Rioja; La,26,0,0
2021-06-21,LO,Rioja; La,30,207,0
2021-06-22,LO,Rioja; La,27,191,0
2021-06-23,LO,Rioja; La,38,197,0
2021-06-24,LO,Rioja; La,37,208,0
2021-06-25,LO,Rioja; La,27,207,0
2021-06-26,LO,Rioja; La,29,214,0
2021-06-27,LO,Rioja; La,27,215,0
2021-06-28,LO,Rioja; La,42,227,434
2021-06-29,LO,Rioja; La,45,245,436
2021-06-30,LO,Rioja; La,55,262,459
2021-07-01,LO,Rioja; La,80,305,513
2021-07-02,LO,Rioja; La,73,351,558
2021-07-03,LO,Rioja; La,59,381,595
2021-07-04,LO,Rioja; La,82,436,651
2021-07-05,LO,Rioja; La,98,492,719
2021-07-06,LO,Rioja; La,106,553,798
2021-07-07,LO,Rioja; La,91,589,851
2021-07-08,LO,Rioja; La,106,615,920
2021-07-09,LO,Rioja; La,120,662,1013
2021-07-10,LO,Rioja; La,103,706,1087
2021-07-11,LO,Rioja; La,107,731,1167
2021-07-12,LO,Rioja; La,190,823,1315
2021-07-13,LO,Rioja; La,147,864,1417
2021-07-14,LO,Rioja; La,138,911,1500
2021-07-15,LO,Rioja; La,168,973,1588
2021-07-16,LO,Rioja; La,143,996,1658
2021-07-17,LO,Rioja; La,189,1082,1788
2021-07-18,LO,Rioja; La,136,1111,1842
2021-07-19,LO,Rioja; La,228,1149,1972
2021-07-20,LO,Rioja; La,225,1227,2091
2021-07-21,LO,Rioja; La,202,1291,2202
2021-07-22,LO,Rioja; La,211,1334,2307
2021-07-23,LO,Rioja; La,182,1373,2369
2021-07-24,LO,Rioja; La,171,1355,2437
2021-07-25,LO,Rioja; La,166,1385,2496
2021-07-26,LO,Rioja; La,200,1357,2506
2021-07-27,LO,Rioja; La,215,1347,2574
2021-07-28,LO,Rioja; La,211,1356,2647
2021-07-29,LO,Rioja; La,159,1304,2638
2021-07-30,LO,Rioja; La,117,1239,2612
2021-07-31,LO,Rioja; La,107,1175,2530
2021-06-15,LU,Lugo,22,0,0
2021-06-16,LU,Lugo,18,0,0
2021-06-17,LU,Lugo,7,0,0
2021-06-18,LU,Lugo,11,0,0
2021-06-19,LU,Lugo,9,0,0
2021-06-20,LU,Lugo,14,0,0
2021-06-21,LU,Lugo,16,97,0
2021-06-22,LU,Lugo,11,86,0
2021-06-23,LU,Lugo,24,92,0
2021-06-24,LU,Lugo,20,105,0
2021-06-25,LU,Lugo,22,116,0
2021-06-26,LU,Lugo,9,116,0
2021-06-27,LU,Lugo,14,116,0
2021-06-28,LU,Lugo,32,132,229
2021-06-29,LU,Lugo,24,145,231
2021-06-30,LU,Lugo,22,143,235
2021-07-01,LU,Lugo,29,152,257
2021-07-02,LU,Lugo,22,152,268
2021-07-03,LU,Lugo,36,179,295
2021-07-04,LU,Lugo,36,201,317
2021-07-05,LU,Lugo,47,216,348
2021-07-06,LU,Lugo,64,256,401
2021-07-07,LU,Lugo,61,295,438
2021-07-08,LU,Lugo,48,314,466
2021-07-09,LU,Lugo,49,341,493
2021-07-10,LU,Lugo,55,360,539
2021-07-11,LU,Lugo,59,383,584
2021-07-12,LU,Lugo,91,427,643
2021-07-13,LU,Lugo,137,500,756
2021-07-14,LU,Lugo,139,578,873
2021-07-15,LU,Lugo,145,675,989
2021-07-16,LU,Lugo,139,765,1106
2021-07-17,LU,Lugo,151,861,1221
2021-07-18,LU,Lugo,110,912,1295
2021-07-19,LU,Lugo,174,995,1422
2021-07-20,LU,Lugo,220,1078,1578
2021-07-21,LU,Lugo,186,1125,1703
2021-07-22,LU,Lugo,151,1131,1806
2021-07-23,LU,Lugo,200,1192,1957
2021-07-24,LU,Lugo,194,1235,2096
2021-07-25,LU,Lugo,121,1246,2158
2021-07-26,LU,Lugo,165,1237,2232
2021-07-27,LU,Lugo,163,1180,2258
2021-07-28,LU,Lugo,154,1148,2273
2021-07-29,LU,Lugo,111,1108,2239
2021-07-30,LU,Lugo,142,1050,2242
2021-07-31,LU,Lugo,131,987,2222
2021-06-15,M,Madrid,451,0,0
2021-06-16,M,Madrid,407,0,0
2021-06-17,M,Madrid,347,0,0
2021-06-18,M,Madrid,406,0,0
2021-06-19,M,Madrid,356,0,0
2021-06-20,M,Madrid,364,0,0
2021-06-21,M,Madrid,538,2869,0
2021-06-22,M,Madrid,532,2950,0
2021-06-23,M,Madrid,436,2979,0
2021-06-24,M,Madrid,420,3052,0
2021-06-25,M,Madrid,473,3119,0
2021-06-26,M,Madrid,464,3227,0
2021-06-27,M,Madrid,490,3353,0
2021-06-28,M,Madrid,840,3655,6524
2021-06-29,M,Madrid,877,4000,6950
2021-06-30,M,Madrid,757,4321,7300
2021-07-01,M,Madrid,774,4675,7727
2021-07-02,M,Madrid,1029,5231,8350
2021-07-03,M,Madrid,986,5753,8980
2021-07-04,M,Madrid,1171,6434,9787
2021-07-05,M,Madrid,1808,7402,11057
2021-07-06,M,Madrid,2118,8643,12643
2021-07-07,M,Madrid,1678,9564,13885
2021-07-08,M,Madrid,1785,10575,15250
2021-07-09,M,Madrid,2555,12101,17332
2021-07-10,M,Madrid,2272,13387,19140
2021-07-11,M,Madrid,2244,14460,20894
2021-07-12,M,Madrid,3442,16094,23496
2021-07-13,M,Madrid,3913,17889,26532
2021-07-14,M,Madrid,3507,19718,29282
2021-07-15,M,Madrid,3642,21575,32150
2021-07-16,M,Madrid,4263,23283,35384
2021-07-17,M,Madrid,3058,24069,37456
2021-07-18,M,Madrid,2974,24799,39259
2021-07-19,M,Madrid,4834,26191,42285
2021-07-20,M,Madrid,5253,27531,45420
2021-07-21,M,Madrid,4405,28429,48147
2021-07-22,M,Madrid,4125,28912,50487
2021-07-23,M,Madrid,5282,29931,53214
2021-07-24,M,Madrid,3195,30068,54137
2021-07-25,M,Madrid,2838,29932,54731
2021-07-26,M,Madrid,4749,29847,56038
2021-07-27,M,Madrid,5167,29761,57292
2021-07-28,M,Madrid,4283,29639,58068
2021-07-29,M,Madrid,3670,29184,58096
2021-07-30,M,Madrid,3727,27629,57560
2021-07-31,M,Madrid,2287,26721,56789
2021-06-15,MA,Málaga,236,0,0
2021-06-16,MA,Málaga,225,0,0
2021-06-17,MA,Málaga,255,0,0
2021-06-18,MA,Málaga,293,0,0
2021-06-19,MA,Málaga,163,0,0
2021-06-20,MA,Málaga,162,0,0
2021-06-21,MA,Málaga,254,1588,0
2021-06-22,MA,Málaga,232,1584,0
2021-06-23,MA,Málaga,217,1576,0
2021-06-24,MA,Málaga,275,1596,0
2021-06-25,MA,Málaga,319,1622,0
2021-06-26,MA,Málaga,234,1693,0
2021-06-27,MA,Málaga,207,1738,0
2021-06-28,MA,Málaga,495,1979,3567
2021-06-29,MA,Málaga,538,2285,3869
2021-06-30,MA,Málaga,615,2683,4259
2021-07-01,MA,Málaga,542,2950,4546
2021-07-02,MA,Málaga,495,3126,4748
2021-07-03,MA,Málaga,428,3320,5013
2021-07-04,MA,Málaga,376,3489,5227
2021-07-05,MA,Málaga,674,3668,5647
2021-07-06,MA,Málaga,795,3925,6210
2021-07-07,MA,Málaga,821,4131,6814
2021-07-08,MA,Málaga,823,4412,7362
2021-07-09,MA,Málaga,1109,5026,8152
2021-07-10,MA,Málaga,907,5505,8825
2021-07-11,MA,Málaga,540,5669,9158
2021-07-12,MA,Málaga,986,5981,9649
2021-07-13,MA,Málaga,1190,6376,10301
2021-07-14,MA,Málaga,1265,6820,10951
2021-07-15,MA,Málaga,1288,7285,11697
2021-07-16,MA,Málaga,1473,7649,12675
2021-07-17,MA,Málaga,1092,7834,13339
2021-07-18,MA,Málaga,803,8097,13766
2021-07-19,MA,Málaga,1329,8440,14421
2021-07-20,MA,Málaga,1755,9005,15381
2021-07-21,MA,Málaga,1140,8880,15700
2021-07-22,MA,Málaga,1190,8782,16067
2021-07-23,MA,Málaga,1295,8604,16253
2021-07-24,MA,Málaga,971,8483,16317
2021-07-25,MA,Málaga,618,8298,16395
2021-07-26,MA,Málaga,969,7938,16378
2021-07-27,MA,Málaga,1372,7555,16560
2021-07-28,MA,Málaga,1080,7495,16375
2021-07-29,MA,Málaga,1155,7460,16242
2021-07-30,MA,Málaga,917,7082,15686
2021-07-31,MA,Málaga,991,7102,15585
2021-06-15,ML,Melilla,3,0,0
2021-06-16,ML,Melilla,6,0,0
2021-06-17,ML,Melilla,5,0,0
2021-06-18,ML,Melilla,3,0,0
2021-06-19,ML,Melilla,1,0,0
2021-06-20,ML,Melilla,0,0,0
2021-06-21,ML,Melilla,6,24,0
2021-06-22,ML,Melilla,2,23,0
2021-06-23,ML,Melilla,4,21,0
2021-06-24,ML,Melilla,16,32,0
2021-06-25,ML,Melilla,4,33,0
2021-06-26,ML,Melilla,15,47,0
2021-06-27,ML,Melilla,3,50,0
2021-06-28,ML,Melilla,3,47,71
2021-06-29,ML,Melilla,10,55,78
2021-06-30,ML,Melilla,2,53,74
2021-07-01,ML,Melilla,10,47,79
2021-07-02,ML,Melilla,3,46,79
2021-07-03,ML,Melilla,2,33,80
2021-07-04,ML,Melilla,1,31,81
2021-07-05,ML,Melilla,8,36,83
2021-07-06,ML,Melilla,8,34,89
2021-07-07,ML,Melilla,10,42,95
2021-07-08,ML,Melilla,12,44,91
2021-07-09,ML,Melilla,2,43,89
2021-07-10,ML,Melilla,46,87,120
2021-07-11,ML,Melilla,14,100,131
2021-07-12,ML,Melilla,19,111,147
2021-07-13,ML,Melilla,21,124,158
2021-07-14,ML,Melilla,10,124,166
2021-07-15,ML,Melilla,14,126,170
2021-07-16,ML,Melilla,7,131,174
2021-07-17,ML,Melilla,10,95,182
2021-07-18,ML,Melilla,10,91,191
2021-07-19,ML,Melilla,28,100,211
2021-07-20,ML,Melilla,16,95,219
2021-07-21,ML,Melilla,15,100,224
2021-07-22,ML,Melilla,26,112,238
2021-07-23,ML,Melilla,16,121,252
2021-07-24,ML,Melilla,16,127,222
2021-07-25,ML,Melilla,7,124,215
2021-07-26,ML,Melilla,13,109,209
2021-07-27,ML,Melilla,26,119,214
2021-07-28,ML,Melilla,20,124,224
2021-07-29,ML,Melilla,49,147,259
2021-07-30,ML,Melilla,20,151,272
2021-07-31,ML,Melilla,12,147,274
2021-06-15,MU,Murcia,59,0,0
2021-06-16,MU,Murcia,54,0,0
2021-06-17,MU,Murcia,54,0,0
2021-06-18,MU,Murcia,67,0,0
2021-06-19,MU,Murcia,61,0,0
2021-06-20,MU,Murcia,47,0,0
2021-06-21,MU,Murcia,88,430,0
2021-06-22,MU,Murcia,63,434,0
2021-06-23,MU,Murcia,82,462,0
2021-06-24,MU,Murcia,83,491,0
2021-06-25,MU,Murcia,73,497,0
2021-06-26,MU,Murcia,87,523,0
2021-06-27,MU,Murcia,68,544,0
2021-06-28,MU,Murcia,101,557,987
2021-06-29,MU,Murcia,148,642,1076
2021-06-30,MU,Murcia,145,705,1167
2021-07-01,MU,Murcia,139,761,1252
2021-07-02,MU,Murcia,145,833,1330
2021-07-03,MU,Murcia,163,909,1432
2021-07-04,MU,Murcia,151,992,1536
2021-07-05,MU,Murcia,245,1136,1693
2021-07-06,MU,Murcia,341,1329,1971
2021-07-07,MU,Murcia,275,1459,2164
2021-07-08,MU,Murcia,294,1614,2375
2021-07-09,MU,Murcia,332,1801,2634
2021-07-10,MU,Murcia,322,1960,2869
2021-07-11,MU,Murcia,313,2122,3114
2021-07-12,MU,Murcia,447,2324,3460
2021-07-13,MU,Murcia,461,2444,3773
2021-07-14,MU,Murcia,479,2648,4107
2021-07-15,MU,Murcia,441,2795,4409
2021-07-16,MU,Murcia,482,2945,4746
2021-07-17,MU,Murcia,433,3056,5016
2021-07-18,MU,Murcia,415,3158,5280
2021-07-19,MU,Murcia,612,3323,5647
2021-07-20,MU,Murcia,625,3487,5931
2021-07-21,MU,Murcia,628,3636,6284
2021-07-22,MU,Murcia,550,3745,6540
2021-07-23,MU,Murcia,515,3778,6723
2021-07-24,MU,Murcia,471,3816,6872
2021-07-25,MU,Murcia,488,3889,7047
2021-07-26,MU,Murcia,562,3839,7162
2021-07-27,MU,Murcia,574,3788,7275
2021-07-28,MU,Murcia,581,3741,7377
2021-07-29,MU,Murcia,492,3683,7428
2021-07-30,MU,Murcia,481,3649,7427
2021-07-31,MU,Murcia,458,3636,7452
2021-06-15,NAV,Navarra,48,0,0
2021-06-16,NAV,Navarra,55,0,0
2021-06-17,NAV,Navarra,52,0,0
2021-06-18,NAV,Navarra,39,0,0
2021-06-19,NAV,Navarra,45,0,0
2021-06-20,NAV,Navarra,35,0,0
2021-06-21,NAV,Navarra,53,327,0
2021-06-22,NAV,Navarra,41,320,0
2021-06-23,NAV,Navarra,35,300,0
2021-06-24,NAV,Navarra,43,291,0
2021-06-25,NAV,Navarra,41,293,0
2021-06-26,NAV,Navarra,47,295,0
2021-06-27,NAV,Navarra,38,298,0
2021-06-28,NAV,Navarra,92,337,664
2021-06-29,NAV,Navarra,118,414,734
2021-06-30,NAV,Navarra,163,542,842
2021-07-01,NAV,Navarra,255,754,1045
2021-07-02,NAV,Navarra,401,1114,1407
2021-07-03,NAV,Navarra,448,1515,1810
2021-07-04,NAV,Navarra,389,1866,2164
2021-07-05,NAV,Navarra,394,2168,2505
2021-07-06,NAV,Navarra,362,2412,2826
2021-07-07,NAV,Navarra,309,2558,3100
2021-07-08,NAV,Navarra,288,2591,3345
2021-07-09,NAV,Navarra,356,2546,3660
2021-07-10,NAV,Navarra,447,2545,4060
2021-07-11,NAV,Navarra,494,2650,4516
2021-07-12,NAV,Navarra,638,2894,5062
2021-07-13,NAV,Navarra,657,3189,5601
2021-07-14,NAV,Navarra,598,3478,6036
2021-07-15,NAV,Navarra,590,3780,6371
2021-07-16,NAV,Navarra,382,3806,6352
2021-07-17,NAV,Navarra,437,3796,6341
2021-07-18,NAV,Navarra,454,3756,6406
2021-07-19,NAV,Navarra,452,3570,6464
2021-07-20,NAV,Navarra,498,3411,6600
2021-07-21,NAV,Navarra,426,3239,6717
2021-07-22,NAV,Navarra,381,3030,6810
2021-07-23,NAV,Navarra,371,3019,6825
2021-07-24,NAV,Navarra,380,2962,6758
2021-07-25,NAV,Navarra,342,2850,6606
2021-07-26,NAV,Navarra,349,2747,6317
2021-07-27,NAV,Navarra,387,2636,6047
2021-07-28,NAV,Navarra,410,2620,5859
2021-07-29,NAV,Navarra,346,2585,5615
2021-07-30,NAV,Navarra,307,2521,5540
2021-07-31,NAV,Navarra,267,2408,5370
2021-06-15,NC,No Consta,14,0,0
2021-06-16,NC,No Consta,11,0,0
2021-06-17,NC,No Consta,16,0,0
2021-06-18,NC,No Consta,8,0,0
2021-06-19,NC,No Consta,11,0,0
2021-06-20,NC,No Consta,9,0,0
2021-06-21,NC,No Consta,11,80,0
2021-06-22,NC,No Consta,18,84,0
2021-06-23,NC,No Consta,13,86,0
2021-06-24,NC,No Consta,16,86,0
2021-06-25,NC,No Consta,25,103,0
2021-06-26,NC,No Consta,31,123,0
2021-06-27,NC,No Consta,28,142,0
2021-06-28,NC,No Consta,71,202,282
2021-06-29,NC,No Consta,74,258,342
2021-06-30,NC,No Consta,67,312,398
2021-07-01,NC,No Consta,79,375,461
2021-07-02,NC,No Consta,96,446,549
2021-07-03,NC,No Consta,67,482,605
2021-07-04,NC,No Consta,79,533,675
2021-07-05,NC,No Consta,101,563,765
2021-07-06,NC,No Consta,126,615,873
2021-07-07,NC,No Consta,95,643,955
2021-07-08,NC,No Consta,82,646,1021
2021-07-09,NC,No Consta,112,662,1108
2021-07-10,NC,No Consta,107,702,1184
2021-07-11,NC,No Consta,96,719,1252
2021-07-12,NC,No Consta,101,719,1282
2021-07-13,NC,No Consta,121,714,1329
2021-07-14,NC,No Consta,124,743,1386
2021-07-15,NC,No Consta,99,760,1406
2021-07-16,NC,No Consta,112,760,1422
2021-07-17,NC,No Consta,106,759,1461
2021-07-18,NC,No Consta,110,773,1492
2021-07-19,NC,No Consta,168,840,1559
2021-07-20,NC,No Consta,143,862,1576
2021-07-21,NC,No Consta,146,884,1627
2021-07-22,NC,No Consta,118,903,1663
2021-07-23,NC,No Consta,132,923,1683
2021-07-24,NC,No Consta,126,943,1702
2021-07-25,NC,No Consta,83,916,1689
2021-07-26,NC,No Consta,137,885,1725
2021-07-27,NC,No Consta,108,850,1712
2021-07-28,NC,No Consta,133,837,1721
2021-07-29,NC,No Consta,111,830,1733
2021-07-30,NC,No Consta,134,832,1755
2021-07-31,NC,No Consta,98,804,1747
2021-06-15,OU,Ourense,16,0,0
2021-06-16,OU,Ourense,12,0,0
2021-06-17,OU,Ourense,5,0,0
2021-06-18,OU,Ourense,15,0,0
2021-06-19,OU,Ourense,5,0,0
2021-06-20,OU,Ourense,10,0,0
2021-06-21,OU,Ourense,9,72,0
2021-06-22,OU,Ourense,15,71,0
2021-06-23,OU,Ourense,16,75,0
2021-06-24,OU,Ourense,19,89,0
2021-06-25,OU,Ourense,26,100,0
2021-06-26,OU,Ourense,15,110,0
2021-06-27,OU,Ourense,22,122,0
2021-06-28,OU,Ourense,14,127,199
2021-06-29,OU,Ourense,33,145,216
2021-06-30,OU,Ourense,48,177,252
2021-07-01,OU,Ourense,49,207,296
2021-07-02,OU,Ourense,29,210,310
2021-07-03,OU,Ourense,49,244,354
2021-07-04,OU,Ourense,57,279,401
2021-07-05,OU,Ourense,98,363,490
2021-07-06,OU,Ourense,154,484,629
2021-07-07,OU,Ourense,178,614,791
2021-07-08,OU,Ourense,140,705,912
2021-07-09,OU,Ourense,140,816,1026
2021-07-10,OU,Ourense,153,920,1164
2021-07-11,OU,Ourense,150,1013,1292
2021-07-12,OU,Ourense,204,1119,1482
2021-07-13,OU,Ourense,197,1162,1646
2021-07-14,OU,Ourense,200,1184,1798
2021-07-15,OU,Ourense,193,1237,1942
2021-07-16,OU,Ourense,166,1263,2079
2021-07-17,OU,Ourense,152,1262,2182
2021-07-18,OU,Ourense,83,1195,2208
2021-07-19,OU,Ourense,153,1144,2263
2021-07-20,OU,Ourense,163,1110,2272
2021-07-21,OU,Ourense,157,1067,2251
2021-07-22,OU,Ourense,170,1044,2281
2021-07-23,OU,Ourense,133,1011,2274
2021-07-24,OU,Ourense,79,938,2200
2021-07-25,OU,Ourense,64,919,2114
2021-07-26,OU,Ourense,106,872,2016
2021-07-27,OU,Ourense,105,814,1924
2021-07-28,OU,Ourense,106,763,1830
2021-07-29,OU,Ourense,69,662,1706
2021-07-30,OU,Ourense,77,606,1617
2021-07-31,OU,Ourense,66,593,1531
2021-06-15,PA,Palencia,6,0,0
2021-06-16,PA,Palencia,4,0,0
2021-06-17,PA,Palencia,2,0,0
2021-06-18,PA,Palencia,4,0,0
2021-06-19,PA,Palencia,7,0,0
2021-06-20,PA,Palencia,2,0,0
2021-06-21,PA,Palencia,6,31,0
2021-06-22,PA,Palencia,8,33,0
2021-06-23,PA,Palencia,4,33,0
2021-06-24,PA,Palencia,6,37,0
2021-06-25,PA,Palencia,9,42,0
2021-06-26,PA,Palencia,9,44,0
2021-06-27,PA,Palencia,15,57,0
2021-06-28,PA,Palencia,19,70,101
2021-06-29,PA,Palencia,33,95,128
2021-06-30,PA,Palencia,56,147,180
2021-07-01,PA,Palencia,70,211,248
2021-07-02,PA,Palencia,87,289,331
2021-07-03,PA,Palencia,68,348,392
2021-07-04,PA,Palencia,76,409,466
2021-07-05,PA,Palencia,126,516,586
2021-07-06,PA,Palencia,117,600,695
2021-07-07,PA,Palencia,195,739,886
2021-07-08,PA,Palencia,154,823,1034
2021-07-09,PA,Palencia,156,892,1181
2021-07-10,PA,Palencia,153,977,1325
2021-07-11,PA,Palencia,133,1034,1443
2021-07-12,PA,Palencia,163,1071,1587
2021-07-13,PA,Palencia,159,1113,1713
2021-07-14,PA,Palencia,132,1050,1789
2021-07-15,PA,Palencia,127,1023,1846
2021-07-16,PA,Palencia,134,1001,1893
2021-07-17,PA,Palencia,156,1004,1981
2021-07-18,PA,Palencia,103,974,2008
2021-07-19,PA,Palencia,158,969,2040
2021-07-20,PA,Palencia,158,968,2081
2021-07-21,PA,Palencia,129,965,2015
2021-07-22,PA,Palencia,102,940,1963
2021-07-23,PA,Palencia,108,914,1915
2021-07-24,PA,Palencia,151,909,1913
2021-07-25,PA,Palencia,71,877,1851
2021-07-26,PA,Palencia,109,828,1797
2021-07-27,PA,Palencia,109,779,1747
2021-07-28,PA,Palencia,108,758,1723
2021-07-29,PA,Palencia,93,749,1689
2021-07-30,PA,Palencia,60,701,1615
2021-07-31,PA,Palencia,64,614,1523
2021-06-15,PO,Pontevedra,14,0,0
2021-06-16,PO,Pontevedra,18,0,0
2021-06-17,PO,Pontevedra,22,0,0
2021-06-18,PO,Pontevedra,21,0,0
2021-06-19,PO,Pontevedra,14,0,0
2021-06-20,PO,Pontevedra,37,0,0
2021-06-21,PO,Pontevedra,40,166,0
2021-06-22,PO,Pontevedra,56,208,0
2021-06-23,PO,Pontevedra,59,249,0
2021-06-24,PO,Pontevedra,85,312,0
2021-06-25,PO,Pontevedra,68,359,0
2021-06-26,PO,Pontevedra,80,425,0
2021-06-27,PO,Pontevedra,57,445,0
2021-06-28,PO,Pontevedra,96,501,667
2021-06-29,PO,Pontevedra,108,553,761
2021-06-30,PO,Pontevedra,137,631,880
2021-07-01,PO,Pontevedra,129,675,987
2021-07-02,PO,Pontevedra,120,727,1086
2021-07-03,PO,Pontevedra,143,790,1215
2021-07-04,PO,Pontevedra,166,899,1344
2021-07-05,PO,Pontevedra,222,1025,1526
2021-07-06,PO,Pontevedra,273,1190,1743
2021-07-07,PO,Pontevedra,262,1315,1946
2021-07-08,PO,Pontevedra,250,1436,2111
2021-07-09,PO,Pontevedra,356,1672,2399
2021-07-10,PO,Pontevedra,309,1838,2628
2021-07-11,PO,Pontevedra,381,2053,2952
2021-07-12,PO,Pontevedra,613,2444,3469
2021-07-13,PO,Pontevedra,615,2786,3976
2021-07-14,PO,Pontevedra,634,3158,4473
2021-07-15,PO,Pontevedra,499,3407,4843
2021-07-16,PO,Pontevedra,632,3683,5355
2021-07-17,PO,Pontevedra,510,3884,5722
2021-07-18,PO,Pontevedra,497,4000,6053
2021-07-19,PO,Pontevedra,737,4124,6568
2021-07-20,PO,Pontevedra,646,4155,6941
2021-07-21,PO,Pontevedra,637,4158,7316
2021-07-22,PO,Pontevedra,564,4223,7630
2021-07-23,PO,Pontevedra,549,4140,7823
2021-07-24,PO,Pontevedra,454,4084,7968
2021-07-25,PO,Pontevedra,438,4025,8025
2021-07-26,PO,Pontevedra,500,3788,7912
2021-07-27,PO,Pontevedra,483,3625,7780
2021-07-28,PO,Pontevedra,442,3430,7588
2021-07-29,PO,Pontevedra,420,3286,7509
2021-07-30,PO,Pontevedra,523,3260,7400
2021-07-31,PO,Pontevedra,381,3187,7271
2021-06-15,S,Sevilla,281,0,0
2021-06-16,S,Sevilla,275,0,0
2021-06-17,S,Sevilla,295,0,0
2021-06-18,S,Sevilla,351,0,0
2021-06-19,S,Sevilla,185,0,0
2021-06-20,S,Sevilla,151,0,0
2021-06-21,S,Sevilla,212,1750,0
2021-06-22,S,Sevilla,189,1658,0
2021-06-23,S,Sevilla,200,1583,0
2021-06-24,S,Sevilla,231,1519,0
2021-06-25,S,Sevilla,263,1431,0
2021-06-26,S,Sevilla,215,1461,0
2021-06-27,S,Sevilla,108,1418,0
2021-06-28,S,Sevilla,263,1469,3219
2021-06-29,S,Sevilla,327,1607,3265
2021-06-30,S,Sevilla,333,1740,3323
2021-07-01,S,Sevilla,333,1842,3361
2021-07-02,S,Sevilla,285,1864,3295
2021-07-03,S,Sevilla,229,1878,3339
2021-07-04,S,Sevilla,177,1947,3365
2021-07-05,S,Sevilla,372,2056,3525
2021-07-06,S,Sevilla,366,2095,3702
2021-07-07,S,Sevilla,327,2089,3829
2021-07-08,S,Sevilla,376,2132,3974
2021-07-09,S,Sevilla,412,2259,4123
2021-07-10,S,Sevilla,362,2392,4270
2021-07-11,S,Sevilla,252,2467,4414
2021-07-12,S,Sevilla,442,2537,4593
2021-07-13,S,Sevilla,552,2723,4818
2021-07-14,S,Sevilla,493,2889,4978
2021-07-15,S,Sevilla,695,3208,5340
2021-07-16,S,Sevilla,648,3444,5703
2021-07-17,S,Sevilla,537,3619,6011
2021-07-18,S,Sevilla,386,3753,6220
2021-07-19,S,Sevilla,730,4041,6578
2021-07-20,S,Sevilla,992,4481,7204
2021-07-21,S,Sevilla,701,4689,7578
2021-07-22,S,Sevilla,836,4830,8038
2021-07-23,S,Sevilla,803,4985,8429
2021-07-24,S,Sevilla,530,4978,8597
2021-07-25,S,Sevilla,460,5052,8805
2021-07-26,S,Sevilla,837,5159,9200
2021-07-27,S,Sevilla,922,5089,9570
2021-07-28,S,Sevilla,969,5357,10046
2021-07-29,S,Sevilla,959,5480,10310
2021-07-30,S,Sevilla,926,5603,10588
2021-07-31,S,Sevilla,653,5726,10704
2021-06-15,SA,Salamanca,10,0,0
2021-06-16,SA,Salamanca,8,0,0
2021-06-17,SA,Salamanca,8,0,0
2021-06-18,SA,Salamanca,11,0,0
2021-06-19,SA,Salamanca,6,0,0
2021-06-20,SA,Salamanca,7,0,0
2021-06-21,SA,Salamanca,13,63,0
2021-06-22,SA,Salamanca,11,64,0
2021-06-23,SA,Salamanca,13,69,0
2021-06-24,SA,Salamanca,11,72,0
2021-06-25,SA,Salamanca,19,80,0
2021-06-26,SA,Salamanca,24,98,0
2021-06-27,SA,Salamanca,34,125,0
2021-06-28,SA,Salamanca,68,180,243
2021-06-29,SA,Salamanca,102,271,335
2021-06-30,SA,Salamanca,107,365,434
2021-07-01,SA,Salamanca,105,459,531
2021-07-02,SA,Salamanca,118,558,638
2021-07-03,SA,Salamanca,107,641,739
2021-07-04,SA,Salamanca,124,731,856
2021-07-05,SA,Salamanca,137,800,980
2021-07-06,SA,Salamanca,232,930,1201
2021-07-07,SA,Salamanca,194,1017,1382
2021-07-08,SA,Salamanca,147,1059,1518
2021-07-09,SA,Salamanca,166,1107,1665
2021-07-10,SA,Salamanca,156,1156,1797
2021-07-11,SA,Salamanca,233,1265,1996
2021-07-12,SA,Salamanca,177,1305,2105
2021-07-13,SA,Salamanca,140,1213,2143
2021-07-14,SA,Salamanca,151,1170,2187
2021-07-15,SA,Salamanca,121,1144,2203
2021-07-16,SA,Salamanca,113,1091,2198
2021-07-17,SA,Salamanca,88,1023,2179
2021-07-18,SA,Salamanca,87,877,2142
2021-07-19,SA,Salamanca,100,800,2105
2021-07-20,SA,Salamanca,103,763,1976
2021-07-21,SA,Salamanca,80,692,1862
2021-07-22,SA,Salamanca,125,696,1840
2021-07-23,SA,Salamanca,51,634,1725
2021-07-24,SA,Salamanca,69,615,1638
2021-07-25,SA,Salamanca,45,573,1450
2021-07-26,SA,Salamanca,80,553,1353
2021-07-27,SA,Salamanca,94,544,1307
2021-07-28,SA,Salamanca,81,545,1237
2021-07-29,SA,Salamanca,61,481,1177
2021-07-30,SA,Salamanca,59,489,1123
2021-07-31,SA,Salamanca,66,486,1101
2021-06-15,SG,Segovia,2,0,0
2021-06-16,SG,Segovia,1,0,0
2021-06-17,SG,Segovia,2,0,0
2021-06-18,SG,Segovia,6,0,0
2021-06-19,SG,Segovia,1,0,0
2021-06-20,SG,Segovia,0,0,0
2021-06-21,SG,Segovia,5,17,0
2021-06-22,SG,Segovia,0,15,0
2021-06-23,SG,Segovia,6,20,0
2021-06-24,SG,Segovia,3,21,0
2021-06-25,SG,Segovia,2,17,0
2021-06-26,SG,Segovia,7,23,0
2021-06-27,SG,Segovia,1,24,0
2021-06-28,SG,Segovia,11,30,47
2021-06-29,SG,Segovia,14,44,59
2021-06-30,SG,Segovia,18,56,76
2021-07-01,SG,Segovia,27,80,101
2021-07-02,SG,Segovia,29,107,124
2021-07-03,SG,Segovia,29,129,152
2021-07-04,SG,Segovia,53,181,205
2021-07-05,SG,Segovia,49,219,249
2021-07-06,SG,Segovia,57,262,306
2021-07-07,SG,Segovia,93,337,393
2021-07-08,SG,Segovia,56,366,446
2021-07-09,SG,Segovia,64,401,508
2021-07-10,SG,Segovia,49,421,550
2021-07-11,SG,Segovia,42,410,591
2021-07-12,SG,Segovia,60,421,640
2021-07-13,SG,Segovia,71,435,697
2021-07-14,SG,Segovia,70,412,749
2021-07-15,SG,Segovia,55,411,777
2021-07-16,SG,Segovia,62,409,810
2021-07-17,SG,Segovia,63,423,844
2021-07-18,SG,Segovia,58,439,849
2021-07-19,SG,Segovia,78,457,878
2021-07-20,SG,Segovia,66,452,887
2021-07-21,SG,Segovia,87,469,881
2021-07-22,SG,Segovia,75,489,900
2021-07-23,SG,Segovia,49,476,885
2021-07-24,SG,Segovia,42,455,878
2021-07-25,SG,Segovia,47,444,883
2021-07-26,SG,Segovia,56,422,879
2021-07-27,SG,Segovia,74,430,882
2021-07-28,SG,Segovia,67,410,879
2021-07-29,SG,Segovia,49,384,873
2021-07-30,SG,Segovia,54,389,865
2021-07-31,SG,Segovia,55,402,857
2021-06-15,SO,Soria,4,0,0
2021-06-16,SO,Soria,5,0,0
2021-06-17,SO,Soria,0,0,0
2021-06-18,SO,Soria,0,0,0
2021-06-19,SO,Soria,0,0,0
2021-06-20,SO,Soria,2,0,0
2021-06-21,SO,Soria,6,17,0
2021-06-22,SO,Soria,2,15,0
2021-06-23,SO,Soria,4,14,0
2021-06-24,SO,Soria,3,17,0
2021-06-25,SO,Soria,6,23,0
2021-06-26,SO,Soria,4,27,0
2021-06-27,SO,Soria,14,39,0
2021-06-28,SO,Soria,10,43,60
2021-06-29,SO,Soria,12,53,68
2021-06-30,SO,Soria,15,64,78
2021-07-01,SO,Soria,18,79,96
2021-07-02,SO,Soria,24,97,120
2021-07-03,SO,Soria,25,118,145
2021-07-04,SO,Soria,23,127,166
2021-07-05,SO,Soria,38,155,198
2021-07-06,SO,Soria,41,184,237
2021-07-07,SO,Soria,71,240,304
2021-07-08,SO,Soria,54,276,355
2021-07-09,SO,Soria,49,301,398
2021-07-10,SO,Soria,48,324,442
2021-07-11,SO,Soria,60,361,488
2021-07-12,SO,Soria,71,394,549
2021-07-13,SO,Soria,59,412,596
2021-07-14,SO,Soria,66,407,647
2021-07-15,SO,Soria,67,420,696
2021-07-16,SO,Soria,58,429,730
2021-07-17,SO,Soria,70,451,775
2021-07-18,SO,Soria,61,452,813
2021-07-19,SO,Soria,65,446,840
2021-07-20,SO,Soria,72,459,871
2021-07-21,SO,Soria,59,452,859
2021-07-22,SO,Soria,71,456,876
2021-07-23,SO,Soria,41,439,868
2021-07-24,SO,Soria,41,410,861
2021-07-25,SO,Soria,36,385,837
2021-07-26,SO,Soria,60,380,826
2021-07-27,SO,Soria,49,357,816
2021-07-28,SO,Soria,53,351,803
2021-07-29,SO,Soria,35,315,771
2021-07-30,SO,Soria,35,309,748
2021-07-31,SO,Soria,33,301,711
2021-06-15,TA,Tarragona,67,0,0
2021-06-16,TA,Tarragona,61,0,0
2021-06-17,TA,Tarragona,52,0,0
2021-06-18,TA,Tarragona,56,0,0
2021-06-19,TA,Tarragona,41,0,0
2021-06-20,TA,Tarragona,50,0,0
2021-06-21,TA,Tarragona,78,405,0
2021-06-22,TA,Tarragona,88,426,0
2021-06-23,TA,Tarragona,88,453,0
2021-06-24,TA,Tarragona,60,461,0
2021-06-25,TA,Tarragona,99,504,0
2021-06-26,TA,Tarragona,122,585,0
2021-06-27,TA,Tarragona,180,715,0
2021-06-28,TA,Tarragona,255,892,1297
2021-06-29,TA,Tarragona,279,1083,1509
2021-06-30,TA,Tarragona,330,1325,1778
2021-07-01,TA,Tarragona,335,1600,2061
2021-07-02,TA,Tarragona,361,1862,2366
2021-07-03,TA,Tarragona,391,2131,2716
2021-07-04,TA,Tarragona,357,2308,3023
2021-07-05,TA,Tarragona,585,2638,3530
2021-07-06,TA,Tarragona,634,2993,4076
2021-07-07,TA,Tarragona,749,3412,4737
2021-07-08,TA,Tarragona,685,3762,5362
2021-07-09,TA,Tarragona,710,4111,5973
2021-07-10,TA,Tarragona,616,4336,6467
2021-07-11,TA,Tarragona,544,4523,6831
2021-07-12,TA,Tarragona,729,4667,7305
2021-07-13,TA,Tarragona,753,4786,7779
2021-07-14,TA,Tarragona,689,4726,8138
2021-07-15,TA,Tarragona,646,4687,8449
2021-07-16,TA,Tarragona,723,4700,8811
2021-07-17,TA,Tarragona,598,4682,9018
2021-07-18,TA,Tarragona,508,4646,9169
2021-07-19,TA,Tarragona,701,4618,9285
2021-07-20,TA,Tarragona,653,4518,9304
2021-07-21,TA,Tarragona,631,4460,9186
2021-07-22,TA,Tarragona,538,4352,9039
2021-07-23,TA,Tarragona,476,4105,8805
2021-07-24,TA,Tarragona,409,3916,8598
2021-07-25,TA,Tarragona,366,3774,8420
2021-07-26,TA,Tarragona,449,3522,8140
2021-07-27,TA,Tarragona,441,3310,7828
2021-07-28,TA,Tarragona,392,3071,7531
2021-07-29,TA,Tarragona,277,2810,7162
2021-07-30,TA,Tarragona,331,2665,6770
2021-07-31,TA,Tarragona,206,2462,6378
2021-06-15,TE,Teruel,10,0,0
2021-06-16,TE,Teruel,14,0,0
2021-06-17,TE,Teruel,12,0,0
2021-06-18,TE,Teruel,16,0,0
2021-06-19,TE,Teruel,8,0,0
2021-06-20,TE,Teruel,6,0,0
2021-06-21,TE,Teruel,13,79,0
2021-06-22,TE,Teruel,15,84,0
2021-06-23,TE,Teruel,7,77,0
2021-06-24,TE,Teruel,9,74,0
2021-06-25,TE,Teruel,15,73,0
2021-06-26,TE,Teruel,11,76,0
2021-06-27,TE,Teruel,14,84,0
2021-06-28,TE,Teruel,14,85,164
2021-06-29,TE,Teruel,34,104,188
2021-06-30,TE,Teruel,19,116,193
2021-07-01,TE,Teruel,32,139,213
2021-07-02,TE,Teruel,46,170,243
2021-07-03,TE,Teruel,31,190,266
2021-07-04,TE,Teruel,30,206,290
2021-07-05,TE,Teruel,65,257,342
2021-07-06,TE,Teruel,53,276,380
2021-07-07,TE,Teruel,77,334,450
2021-07-08,TE,Teruel,73,375,514
2021-07-09,TE,Teruel,62,391,561
2021-07-10,TE,Teruel,54,414,604
2021-07-11,TE,Teruel,56,440,646
2021-07-12,TE,Teruel,71,446,703
2021-07-13,TE,Teruel,87,480,756
2021-07-14,TE,Teruel,85,488,822
2021-07-15,TE,Teruel,77,492,867
2021-07-16,TE,Teruel,48,478,869
2021-07-17,TE,Teruel,58,482,896
2021-07-18,TE,Teruel,47,473,913
2021-07-19,TE,Teruel,86,488,934
2021-07-20,TE,Teruel,80,481,961
2021-07-21,TE,Teruel,86,482,970
2021-07-22,TE,Teruel,91,496,988
2021-07-23,TE,Teruel,64,512,990
2021-07-24,TE,Teruel,33,487,969
2021-07-25,TE,Teruel,45,485,958
2021-07-26,TE,Teruel,55,454,942
2021-07-27,TE,Teruel,52,426,907
2021-07-28,TE,Teruel,67,407,889
2021-07-29,TE,Teruel,61,377,873
2021-07-30,TE,Teruel,51,364,876
2021-07-31,TE,Teruel,31,362,849
2021-06-15,TF,Sta. Cruz de Tenerife,154,0,0
2021-06-16,TF,Sta. Cruz de Tenerife,122,0,0
2021-06-17,TF,Sta. Cruz de Tenerife,125,0,0
2021-06-18,TF,Sta. Cruz de Tenerife,123,0,0
2021-06-19,TF,Sta. Cruz de Tenerife,120,0,0
2021-06-20,TF,Sta. Cruz de Tenerife,147,0,0
2021-06-21,TF,Sta. Cruz de Tenerife,172,963,0
2021-06-22,TF,Sta. Cruz de Tenerife,150,959,0
2021-06-23,TF,Sta. Cruz de Tenerife,124,961,0
2021-06-24,TF,Sta. Cruz de Tenerife,145,981,0
2021-06-25,TF,Sta. Cruz de Tenerife,165,1023,0
2021-06-26,TF,Sta. Cruz de Tenerife,153,1056,0
2021-06-27,TF,Sta. Cruz de Tenerife,152,1061,0
2021-06-28,TF,Sta. Cruz de Tenerife,227,1116,2079
2021-06-29,TF,Sta. Cruz de Tenerife,258,1224,2183
2021-06-30,TF,Sta. Cruz de Tenerife,234,1334,2295
2021-07-01,TF,Sta. Cruz de Tenerife,247,1436,2417
2021-07-02,TF,Sta. Cruz de Tenerife,237,1508,2531
2021-07-03,TF,Sta. Cruz de Tenerife,224,1579,2635
2021-07-04,TF,Sta. Cruz de Tenerife,226,1653,2714
2021-07-05,TF,Sta. Cruz de Tenerife,287,1713,2829
2021-07-06,TF,Sta. Cruz de Tenerife,297,1752,2976
2021-07-07,TF,Sta. Cruz de Tenerife,339,1857,3191
2021-07-08,TF,Sta. Cruz de Tenerife,323,1933,3369
2021-07-09,TF,Sta. Cruz de Tenerife,330,2026,3534
2021-07-10,TF,Sta. Cruz de Tenerife,304,2106,3685
2021-07-11,TF,Sta. Cruz de Tenerife,289,2169,3822
2021-07-12,TF,Sta. Cruz de Tenerife,409,2291,4004
2021-07-13,TF,Sta. Cruz de Tenerife,410,2404,4156
2021-07-14,TF,Sta. Cruz de Tenerife,371,2436,4293
2021-07-15,TF,Sta. Cruz de Tenerife,389,2502,4435
2021-07-16,TF,Sta. Cruz de Tenerife,359,2531,4557
2021-07-17,TF,Sta. Cruz de Tenerife,394,2621,4727
2021-07-18,TF,Sta. Cruz de Tenerife,433,2765,4934
2021-07-19,TF,Sta. Cruz de Tenerife,533,2889,5180
2021-07-20,TF,Sta. Cruz de Tenerife,487,2966,5370
2021-07-21,TF,Sta. Cruz de Tenerife,497,3092,5528
2021-07-22,TF,Sta. Cruz de Tenerife,456,3159,5661
2021-07-23,TF,Sta. Cruz de Tenerife,419,3219,5750
2021-07-24,TF,Sta. Cruz de Tenerife,405,3230,5851
2021-07-25,TF,Sta. Cruz de Tenerife,384,3181,5946
2021-07-26,TF,Sta. Cruz de Tenerife,410,3058,5947
2021-07-27,TF,Sta. Cruz de Tenerife,512,3083,6049
2021-07-28,TF,Sta. Cruz de Tenerife,391,2977,6069
2021-07-29,TF,Sta. Cruz de Tenerife,394,2915,6074
2021-07-30,TF,Sta. Cruz de Tenerife,343,2839,6058
2021-07-31,TF,Sta. Cruz de Tenerife,267,2701,5931
2021-06-15,TO,Toledo,49,0,0
2021-06-16,TO,Toledo,58,0,0
2021-06-17,TO,Toledo,34,0,0
2021-06-18,TO,Toledo,40,0,0
2021-06-19,TO,Toledo,13,0,0
2021-06-20,TO,Toledo,25,0,0
2021-06-21,TO,Toledo,42,261,0
2021-06-22,TO,Toledo,50,262,0
2021-06-23,TO,Toledo,32,236,0
2021-06-24,TO,Toledo,43,245,0
2021-06-25,TO,Toledo,51,256,0
2021-06-26,TO,Toledo,29,272,0
2021-06-27,TO,Toledo,27,274,0
2021-06-28,TO,Toledo,73,305,566
2021-06-29,TO,Toledo,89,344,606
2021-06-30,TO,Toledo,119,431,667
2021-07-01,TO,Toledo,90,478,723
2021-07-02,TO,Toledo,113,540,796
2021-07-03,TO,Toledo,59,570,842
2021-07-04,TO,Toledo,56,599,873
2021-07-05,TO,Toledo,108,634,939
2021-07-06,TO,Toledo,174,719,1063
2021-07-07,TO,Toledo,136,736,1167
2021-07-08,TO,Toledo,117,763,1241
2021-07-09,TO,Toledo,107,757,1297
2021-07-10,TO,Toledo,91,789,1359
2021-07-11,TO,Toledo,88,821,1420
2021-07-12,TO,Toledo,189,902,1536
2021-07-13,TO,Toledo,240,968,1687
2021-07-14,TO,Toledo,240,1072,1808
2021-07-15,TO,Toledo,193,1148,1911
2021-07-16,TO,Toledo,198,1239,1996
2021-07-17,TO,Toledo,178,1326,2115
2021-07-18,TO,Toledo,208,1446,2267
2021-07-19,TO,Toledo,263,1520,2422
2021-07-20,TO,Toledo,308,1588,2556
2021-07-21,TO,Toledo,333,1681,2753
2021-07-22,TO,Toledo,321,1809,2957
2021-07-23,TO,Toledo,318,1929,3168
2021-07-24,TO,Toledo,276,2027,3353
2021-07-25,TO,Toledo,245,2064,3510
2021-07-26,TO,Toledo,424,2225,3745
2021-07-27,TO,Toledo,483,2400,3988
2021-07-28,TO,Toledo,352,2419,4100
2021-07-29,TO,Toledo,455,2553,4362
2021-07-30,TO,Toledo,325,2560,4489
2021-07-31,TO,Toledo,226,2510,4537
2021-06-15,V,Valencia/Valéncia,136,0,0
2021-06-16,V,Valencia/Valéncia,139,0,0
2021-06-17,V,Valencia/Valéncia,196,0,0
2021-06-18,V,Valencia/Valéncia,200,0,0
2021-06-19,V,Valencia/Valéncia,186,0,0
2021-06-20,V,Valencia/Valéncia,204,0,0
2021-06-21,V,Valencia/Valéncia,385,1446,0
2021-06-22,V,Valencia/Valéncia,477,1787,0
2021-06-23,V,Valencia/Valéncia,515,2163,0
2021-06-24,V,Valencia/Valéncia,408,2375,0
2021-06-25,V,Valencia/Valéncia,592,2767,0
2021-06-26,V,Valencia/Valéncia,688,3269,0
2021-06-27,V,Valencia/Valéncia,601,3666,0
2021-06-28,V,Valencia/Valéncia,1104,4385,5831
2021-06-29,V,Valencia/Valéncia,1194,5102,6889
2021-06-30,V,Valencia/Valéncia,1113,5700,7863
2021-07-01,V,Valencia/Valéncia,1045,6337,8712
2021-07-02,V,Valencia/Valéncia,1167,6912,9679
2021-07-03,V,Valencia/Valéncia,1005,7229,10498
2021-07-04,V,Valencia/Valéncia,765,7393,11059
2021-07-05,V,Valencia/Valéncia,1341,7630,12015
2021-07-06,V,Valencia/Valéncia,1471,7907,13009
2021-07-07,V,Valencia/Valéncia,1382,8176,13876
2021-07-08,V,Valencia/Valéncia,1351,8482,14819
2021-07-09,V,Valencia/Valéncia,1671,8986,15898
2021-07-10,V,Valencia/Valéncia,1435,9416,16645
2021-07-11,V,Valencia/Valéncia,1087,9738,17131
2021-07-12,V,Valencia/Valéncia,1691,10088,17718
2021-07-13,V,Valencia/Valéncia,1802,10419,18326
2021-07-14,V,Valencia/Valéncia,1695,10732,18908
2021-07-15,V,Valencia/Valéncia,1622,11003,19485
2021-07-16,V,Valencia/Valéncia,1578,10910,19896
2021-07-17,V,Valencia/Valéncia,1366,10841,20257
2021-07-18,V,Valencia/Valéncia,1092,10846,20584
2021-07-19,V,Valencia/Valéncia,1742,10897,20985
2021-07-20,V,Valencia/Valéncia,1673,10768,21187
2021-07-21,V,Valencia/Valéncia,1553,10626,21358
2021-07-22,V,Valencia/Valéncia,1307,10311,21314
2021-07-23,V,Valencia/Valéncia,1333,10066,20976
2021-07-24,V,Valencia/Valéncia,1043,9743,20584
2021-07-25,V,Valencia/Valéncia,799,9450,20296
2021-07-26,V,Valencia/Valéncia,1332,9040,19937
2021-07-27,V,Valencia/Valéncia,1361,8728,19496
2021-07-28,V,Valencia/Valéncia,1083,8258,18884
2021-07-29,V,Valencia/Valéncia,913,7864,18175
2021-07-30,V,Valencia/Valéncia,843,7374,17440
2021-07-31,V,Valencia/Valéncia,663,6994,16737
2021-06-15,VA,Valladolid,27,0,0
2021-06-16,VA,Valladolid,28,0,0
2021-06-17,VA,Valladolid,28,0,0
2021-06-18,VA,Valladolid,21,0,0
2021-06-19,VA,Valladolid,20,0,0
2021-06-20,VA,Valladolid,19,0,0
2021-06-21,VA,Valladolid,34,177,0
2021-06-22,VA,Valladolid,28,178,0
2021-06-23,VA,Valladolid,18,168,0
2021-06-24,VA,Valladolid,31,171,0
2021-06-25,VA,Valladolid,30,180,0
2021-06-26,VA,Valladolid,31,191,0
2021-06-27,VA,Valladolid,53,225,0
2021-06-28,VA,Valladolid,103,294,471
2021-06-29,VA,Valladolid,168,434,612
2021-06-30,VA,Valladolid,183,599,767
2021-07-01,VA,Valladolid,188,756,927
2021-07-02,VA,Valladolid,144,870,1050
2021-07-03,VA,Valladolid,139,978,1169
2021-07-04,VA,Valladolid,216,1141,1366
2021-07-05,VA,Valladolid,318,1356,1650
2021-07-06,VA,Valladolid,323,1511,1945
2021-07-07,VA,Valladolid,387,1715,2314
2021-07-08,VA,Valladolid,352,1879,2635
2021-07-09,VA,Valladolid,347,2082,2952
2021-07-10,VA,Valladolid,245,2188,3166
2021-07-11,VA,Valladolid,234,2206,3347
2021-07-12,VA,Valladolid,368,2256,3612
2021-07-13,VA,Valladolid,387,2320,3831
2021-07-14,VA,Valladolid,314,2247,3962
2021-07-15,VA,Valladolid,329,2224,4103
2021-07-16,VA,Valladolid,293,2170,4252
2021-07-17,VA,Valladolid,228,2153,4341
2021-07-18,VA,Valladolid,221,2140,4346
2021-07-19,VA,Valladolid,363,2135,4391
2021-07-20,VA,Valladolid,311,2059,4379
2021-07-21,VA,Valladolid,316,2061,4308
2021-07-22,VA,Valladolid,298,2030,4254
2021-07-23,VA,Valladolid,273,2010,4180
2021-07-24,VA,Valladolid,215,1997,4150
2021-07-25,VA,Valladolid,187,1963,4103
2021-07-26,VA,Valladolid,287,1887,4022
2021-07-27,VA,Valladolid,281,1857,3916
2021-07-28,VA,Valladolid,237,1778,3839
2021-07-29,VA,Valladolid,225,1705,3735
2021-07-30,VA,Valladolid,213,1645,3655
2021-07-31,VA,Valladolid,152,1582,3579
2021-06-15,VI,Araba/Álava,33,0,0
2021-06-16,VI,Araba/Álava,25,0,0
2021-06-17,VI,Araba/Álava,13,0,0
2021-06-18,VI,Araba/Álava,22,0,0
2021-06-19,VI,Araba/Álava,36,0,0
2021-06-20,VI,Araba/Álava,16,0,0
2021-06-21,VI,Araba/Álava,26,171,0
2021-06-22,VI,Araba/Álava,21,159,0
2021-06-23,VI,Araba/Álava,17,151,0
2021-06-24,VI,Araba/Álava,13,151,0
2021-06-25,VI,Araba/Álava,21,150,0
2021-06-26,VI,Araba/Álava,28,142,0
2021-06-27,VI,Araba/Álava,32,158,0
2021-06-28,VI,Araba/Álava,41,173,344
2021-06-29,VI,Araba/Álava,51,203,362
2021-06-30,VI,Araba/Álava,37,223,374
2021-07-01,VI,Araba/Álava,35,245,396
2021-07-02,VI,Araba/Álava,60,284,434
2021-07-03,VI,Araba/Álava,65,321,463
2021-07-04,VI,Araba/Álava,62,351,509
2021-07-05,VI,Araba/Álava,92,402,575
2021-07-06,VI,Araba/Álava,86,437,640
2021-07-07,VI,Araba/Álava,76,476,699
2021-07-08,VI,Araba/Álava,83,524,769
2021-07-09,VI,Araba/Álava,89,553,837
2021-07-10,VI,Araba/Álava,88,576,897
2021-07-11,VI,Araba/Álava,140,654,1005
2021-07-12,VI,Araba/Álava,148,710,1112
2021-07-13,VI,Araba/Álava,133,757,1194
2021-07-14,VI,Araba/Álava,149,830,1306
2021-07-15,VI,Araba/Álava,129,876,1400
2021-07-16,VI,Araba/Álava,138,925,1478
2021-07-17,VI,Araba/Álava,165,1002,1578
2021-07-18,VI,Araba/Álava,194,1056,1710
2021-07-19,VI,Araba/Álava,198,1106,1816
2021-07-20,VI,Araba/Álava,209,1182,1939
2021-07-21,VI,Araba/Álava,176,1209,2039
2021-07-22,VI,Araba/Álava,113,1193,2069
2021-07-23,VI,Araba/Álava,121,1176,2101
2021-07-24,VI,Araba/Álava,136,1147,2149
2021-07-25,VI,Araba/Álava,146,1099,2155
2021-07-26,VI,Araba/Álava,127,1028,2134
2021-07-27,VI,Araba/Álava,179,998,2180
2021-07-28,VI,Araba/Álava,119,941,2150
2021-07-29,VI,Araba/Álava,97,925,2118
2021-07-30,VI,Araba/Álava,104,908,2084
2021-07-31,VI,Araba/Álava,147,919,2066
2021-06-15,ZA,Zaragoza,66,0,0
2021-06-16,ZA,Zaragoza,62,0,0
2021-06-17,ZA,Zaragoza,60,0,0
2021-06-18,ZA,Zaragoza,56,0,0
2021-06-19,ZA,Zaragoza,53,0,0
2021-06-20,ZA,Zaragoza,30,0,0
2021-06-21,ZA,Zaragoza,55,382,0
2021-06-22,ZA,Zaragoza,79,395,0
2021-06-23,ZA,Zaragoza,66,399,0
2021-06-24,ZA,Zaragoza,46,385,0
2021-06-25,ZA,Zaragoza,57,386,0
2021-06-26,ZA,Zaragoza,59,392,0
2021-06-27,ZA,Zaragoza,66,428,0
2021-06-28,ZA,Zaragoza,129,502,884
2021-06-29,ZA,Zaragoza,168,591,986
2021-06-30,ZA,Zaragoza,193,718,1117
2021-07-01,ZA,Zaragoza,199,871,1256
2021-07-02,ZA,Zaragoza,215,1029,1415
2021-07-03,ZA,Zaragoza,264,1234,1626
2021-07-04,ZA,Zaragoza,274,1442,1870
2021-07-05,ZA,Zaragoza,486,1799,2301
2021-07-06,ZA,Zaragoza,623,2254,2845
2021-07-07,ZA,Zaragoza,539,2600,3318
2021-07-08,ZA,Zaragoza,489,2890,3761
2021-07-09,ZA,Zaragoza,573,3248,4277
2021-07-10,ZA,Zaragoza,549,3533,4767
2021-07-11,ZA,Zaragoza,484,3743,5185
2021-07-12,ZA,Zaragoza,644,3901,5700
2021-07-13,ZA,Zaragoza,697,3975,6229
2021-07-14,ZA,Zaragoza,678,4114,6714
2021-07-15,ZA,Zaragoza,609,4234,7124
2021-07-16,ZA,Zaragoza,598,4259,7507
2021-07-17,ZA,Zaragoza,528,4238,7771
2021-07-18,ZA,Zaragoza,458,4212,7955
2021-07-19,ZA,Zaragoza,619,4187,8088
2021-07-20,ZA,Zaragoza,600,4090,8065
2021-07-21,ZA,Zaragoza,570,3982,8096
2021-07-22,ZA,Zaragoza,550,3923,8157
2021-07-23,ZA,Zaragoza,467,3792,8051
2021-07-24,ZA,Zaragoza,438,3702,7940
2021-07-25,ZA,Zaragoza,364,3608,7820
2021-07-26,ZA,Zaragoza,437,3426,7613
2021-07-27,ZA,Zaragoza,523,3349,7439
2021-07-28,ZA,Zaragoza,468,3247,7229
2021-07-29,ZA,Zaragoza,382,3079,7002
2021-07-30,ZA,Zaragoza,395,3007,6799
2021-07-31,ZA,Zaragoza,332,2901,6603
2021-06-15,ZM,Zamora,12,0,0
2021-06-16,ZM,Zamora,11,0,0
2021-06-17,ZM,Zamora,4,0,0
2021-06-18,ZM,Zamora,0,0,0
2021-06-19,ZM,Zamora,5,0,0
2021-06-20,ZM,Zamora,2,0,0
2021-06-21,ZM,Zamora,8,42,0
2021-06-22,ZM,Zamora,6,36,0
2021-06-23,ZM,Zamora,6,31,0
2021-06-24,ZM,Zamora,3,30,0
2021-06-25,ZM,Zamora,10,40,0
2021-06-26,ZM,Zamora,28,63,0
2021-06-27,ZM,Zamora,15,76,0
2021-06-28,ZM,Zamora,73,141,183
2021-06-29,ZM,Zamora,142,277,313
2021-06-30,ZM,Zamora,121,392,423
2021-07-01,ZM,Zamora,152,541,571
2021-07-02,ZM,Zamora,140,671,711
2021-07-03,ZM,Zamora,105,748,811
2021-07-04,ZM,Zamora,83,816,892
2021-07-05,ZM,Zamora,156,899,1040
2021-07-06,ZM,Zamora,134,891,1168
2021-07-07,ZM,Zamora,165,935,1327
2021-07-08,ZM,Zamora,110,893,1434
2021-07-09,ZM,Zamora,111,864,1535
2021-07-10,ZM,Zamora,76,835,1583
2021-07-11,ZM,Zamora,101,853,1669
2021-07-12,ZM,Zamora,99,796,1695
2021-07-13,ZM,Zamora,112,774,1665
2021-07-14,ZM,Zamora,89,698,1633
2021-07-15,ZM,Zamora,96,684,1577
2021-07-16,ZM,Zamora,70,643,1507
2021-07-17,ZM,Zamora,47,614,1449
2021-07-18,ZM,Zamora,49,562,1415
2021-07-19,ZM,Zamora,77,540,1336
2021-07-20,ZM,Zamora,82,510,1284
2021-07-21,ZM,Zamora,57,478,1176
2021-07-22,ZM,Zamora,53,435,1119
2021-07-23,ZM,Zamora,50,415,1058
2021-07-24,ZM,Zamora,40,408,1022
2021-07-25,ZM,Zamora,24,383,945
2021-07-26,ZM,Zamora,66,372,912
2021-07-27,ZM,Zamora,54,344,854
2021-07-28,ZM,Zamora,63,350,828
2021-07-29,ZM,Zamora,62,359,794
2021-07-30,ZM,Zamora,46,355,770
2021-07-31,ZM,Zamora,22,337,745
