Fecha,ProvinciaId,Casos,Casos7,Casos14
2020-03-15,A,49,49,49
2020-03-16,A,68,117,117
2020-03-17,A,95,212,212
2020-03-18,A,81,293,293
2020-03-19,A,79,372,372
2020-03-20,A,113,485,485
2020-03-21,A,81,566,566
2020-03-22,A,89,655,655
2020-03-23,A,128,734,783
2020-03-24,A,178,844,961
2020-03-25,A,148,897,1109
2020-03-26,A,233,1049,1342
2020-03-27,A,280,1250,1622
2020-03-28,A,259,1396,1881
2020-03-29,A,129,1444,2010
2020-03-30,A,153,1508,2114
2020-03-31,A,180,1560,2226
2020-04-01,A,127,1509,2258
2020-04-02,A,136,1497,2313
2020-04-03,A,106,1370,2340
2020-04-04,A,61,1151,2288
2020-04-05,A,51,943,2258
2020-04-06,A,61,875,2230
2020-04-07,A,71,793,2173
2020-04-08,A,81,694,2076
2020-04-09,A,58,625,1986
2020-04-10,A,45,534,1798
2020-04-11,A,52,480,1570
2020-04-12,A,27,446,1338
2020-04-13,A,30,425,1239
2020-04-14,A,39,403,1125
2020-04-15,A,49,381,994
2020-04-16,A,39,339,906
2020-04-17,A,19,300,789
2020-04-18,A,16,271,699
2020-04-19,A,10,229,648
2020-04-20,A,23,225,620
2020-04-21,A,19,214,578
2020-04-22,A,30,205,537
2020-04-23,A,16,172,472
2020-04-24,A,25,158,439
2020-04-25,A,13,152,407
2020-04-26,A,5,141,360
2020-04-27,A,16,147,349
2020-04-28,A,30,154,349
2020-04-29,A,41,176,351
2020-04-30,A,28,174,330
2020-03-15,AB,21,21,21
2020-03-16,AB,65,86,86
2020-03-17,AB,29,115,115
2020-03-18,AB,26,141,141
2020-03-19,AB,22,163,163
2020-03-20,AB,85,248,248
2020-03-21,AB,24,272,272
2020-03-22,AB,60,332,332
2020-03-23,AB,194,505,526
2020-03-24,AB,54,494,580
2020-03-25,AB,22,487,602
2020-03-26,AB,186,647,788
2020-03-27,AB,259,884,1047
2020-03-28,AB,55,854,1102
2020-03-29,AB,59,889,1161
2020-03-30,AB,330,1159,1470
2020-03-31,AB,106,1071,1511
2020-04-01,AB,254,1271,1736
2020-04-02,AB,143,1392,1853
2020-04-03,AB,140,1346,1971
2020-04-04,AB,43,1130,1929
2020-04-05,AB,21,1096,1926
2020-04-06,AB,171,1208,2037
2020-04-07,AB,82,960,1925
2020-04-08,AB,69,923,1940
2020-04-09,AB,61,730,1979
2020-04-10,AB,80,667,1873
2020-04-11,AB,47,574,1661
2020-04-12,AB,24,555,1630
2020-04-13,AB,19,553,1590
2020-04-14,AB,52,434,1312
2020-04-15,AB,42,394,1248
2020-04-16,AB,32,357,1026
2020-04-17,AB,22,318,905
2020-04-18,AB,6,244,771
2020-04-19,AB,16,213,744
2020-04-20,AB,35,224,758
2020-04-21,AB,20,225,607
2020-04-22,AB,20,193,545
2020-04-23,AB,29,180,505
2020-04-24,AB,22,170,466
2020-04-25,AB,14,162,400
2020-04-26,AB,14,170,367
2020-04-27,AB,26,180,369
2020-04-28,AB,22,167,372
2020-04-29,AB,34,181,354
2020-04-30,AB,16,177,328
2020-03-15,AL,9,9,9
2020-03-16,AL,5,14,14
2020-03-17,AL,8,22,22
2020-03-18,AL,5,27,27
2020-03-19,AL,9,36,36
2020-03-20,AL,9,45,45
2020-03-21,AL,10,55,55
2020-03-22,AL,12,67,67
2020-03-23,AL,20,78,87
2020-03-24,AL,26,99,113
2020-03-25,AL,31,122,144
2020-03-26,AL,17,134,161
2020-03-27,AL,39,164,200
2020-03-28,AL,17,172,217
2020-03-29,AL,17,179,234
2020-03-30,AL,17,184,242
2020-03-31,AL,22,186,259
2020-04-01,AL,13,173,264
2020-04-02,AL,25,167,284
2020-04-03,AL,15,165,290
2020-04-04,AL,26,152,307
2020-04-05,AL,1,136,298
2020-04-06,AL,15,134,301
2020-04-07,AL,12,129,293
2020-04-08,AL,11,118,278
2020-04-09,AL,2,107,249
2020-04-10,AL,4,86,236
2020-04-11,AL,5,76,202
2020-04-12,AL,0,50,185
2020-04-13,AL,1,50,169
2020-04-14,AL,8,43,160
2020-04-15,AL,9,40,147
2020-04-16,AL,10,39,144
2020-04-17,AL,8,45,127
2020-04-18,AL,2,43,114
2020-04-19,AL,2,40,90
2020-04-20,AL,5,45,94
2020-04-21,AL,5,49,84
2020-04-22,AL,3,44,75
2020-04-23,AL,2,37,66
2020-04-24,AL,2,29,66
2020-04-25,AL,1,22,63
2020-04-26,AL,0,20,58
2020-04-27,AL,3,21,61
2020-04-28,AL,0,16,60
2020-04-29,AL,1,12,53
2020-04-30,AL,3,12,47
2020-03-15,AV,17,17,17
2020-03-16,AV,12,29,29
2020-03-17,AV,19,48,48
2020-03-18,AV,5,53,53
2020-03-19,AV,45,98,98
2020-03-20,AV,49,147,147
2020-03-21,AV,9,156,156
2020-03-22,AV,7,163,163
2020-03-23,AV,62,208,225
2020-03-24,AV,74,270,299
2020-03-25,AV,85,336,384
2020-03-26,AV,34,365,418
2020-03-27,AV,74,394,492
2020-03-28,AV,38,383,530
2020-03-29,AV,18,392,548
2020-03-30,AV,38,423,569
2020-03-31,AV,167,528,724
2020-04-01,AV,63,517,768
2020-04-02,AV,72,504,835
2020-04-03,AV,86,556,876
2020-04-04,AV,37,519,864
2020-04-05,AV,48,529,903
2020-04-06,AV,61,572,957
2020-04-07,AV,25,559,920
2020-04-08,AV,41,433,887
2020-04-09,AV,29,399,831
2020-04-10,AV,52,379,849
2020-04-11,AV,39,332,814
2020-04-12,AV,19,314,795
2020-04-13,AV,17,283,794
2020-04-14,AV,52,274,808
2020-04-15,AV,21,270,662
2020-04-16,AV,21,250,620
2020-04-17,AV,21,242,569
2020-04-18,AV,23,213,506
2020-04-19,AV,30,204,499
2020-04-20,AV,20,205,471
2020-04-21,AV,16,204,426
2020-04-22,AV,32,184,433
2020-04-23,AV,19,182,411
2020-04-24,AV,15,176,397
2020-04-25,AV,8,163,353
2020-04-26,AV,7,147,321
2020-04-27,AV,5,122,307
2020-04-28,AV,12,114,302
2020-04-29,AV,6,104,256
2020-04-30,AV,4,76,239
2020-03-15,B,376,376,376
2020-03-16,B,587,963,963
2020-03-17,B,656,1619,1619
2020-03-18,B,796,2415,2415
2020-03-19,B,1053,3468,3468
2020-03-20,B,1133,4601,4601
2020-03-21,B,990,5591,5591
2020-03-22,B,828,6419,6419
2020-03-23,B,1206,7249,7625
2020-03-24,B,1478,8140,9103
2020-03-25,B,1462,8946,10565
2020-03-26,B,1572,9722,12137
2020-03-27,B,1353,10022,13490
2020-03-28,B,1249,10138,14739
2020-03-29,B,937,10085,15676
2020-03-30,B,1362,10619,16662
2020-03-31,B,1373,10786,17448
2020-04-01,B,1206,10514,17998
2020-04-02,B,1087,10139,18289
2020-04-03,B,1160,9727,18396
2020-04-04,B,843,9217,18106
2020-04-05,B,544,8512,17660
2020-04-06,B,931,8506,17763
2020-04-07,B,970,8114,17527
2020-04-08,B,957,7698,17006
2020-04-09,B,1018,7510,16562
2020-04-10,B,812,7235,15802
2020-04-11,B,681,6756,15130
2020-04-12,B,463,6376,14344
2020-04-13,B,525,6357,13932
2020-04-14,B,869,6295,13439
2020-04-15,B,912,6237,12978
2020-04-16,B,937,6217,12709
2020-04-17,B,1086,6285,12708
2020-04-18,B,504,5977,12052
2020-04-19,B,361,5657,11570
2020-04-20,B,646,5840,11672
2020-04-21,B,566,5881,11307
2020-04-22,B,579,5591,10916
2020-04-23,B,448,5127,10407
2020-04-24,B,435,4625,9824
2020-04-25,B,237,3776,9249
2020-04-26,B,197,3469,8765
2020-04-27,B,185,3293,8487
2020-04-28,B,312,2959,8274
2020-04-29,B,213,2606,7618
2020-04-30,B,223,2250,6929
2020-03-15,BA,9,9,9
2020-03-16,BA,19,28,28
2020-03-17,BA,17,45,45
2020-03-18,BA,14,59,59
2020-03-19,BA,11,70,70
2020-03-20,BA,15,85,85
2020-03-21,BA,29,114,114
2020-03-22,BA,34,148,148
2020-03-23,BA,55,194,203
2020-03-24,BA,40,215,243
2020-03-25,BA,57,255,300
2020-03-26,BA,41,282,341
2020-03-27,BA,52,323,393
2020-03-28,BA,27,335,420
2020-03-29,BA,33,339,453
2020-03-30,BA,19,324,463
2020-03-31,BA,39,308,483
2020-04-01,BA,31,299,497
2020-04-02,BA,18,260,501
2020-04-03,BA,17,236,507
2020-04-04,BA,28,212,520
2020-04-05,BA,13,198,504
2020-04-06,BA,25,190,495
2020-04-07,BA,13,184,453
2020-04-08,BA,17,162,430
2020-04-09,BA,24,155,397
2020-04-10,BA,16,153,372
2020-04-11,BA,9,145,329
2020-04-12,BA,2,119,304
2020-04-13,BA,8,114,279
2020-04-14,BA,10,99,270
2020-04-15,BA,6,92,237
2020-04-16,BA,5,80,211
2020-04-17,BA,15,71,208
2020-04-18,BA,3,58,194
2020-04-19,BA,7,56,173
2020-04-20,BA,9,63,169
2020-04-21,BA,4,59,148
2020-04-22,BA,8,57,143
2020-04-23,BA,22,73,148
2020-04-24,BA,14,82,138
2020-04-25,BA,2,69,124
2020-04-26,BA,3,69,118
2020-04-27,BA,3,65,119
2020-04-28,BA,6,62,117
2020-04-29,BA,8,66,115
2020-04-30,BA,3,61,112
2020-03-15,BI,39,39,39
2020-03-16,BI,38,77,77
2020-03-17,BI,97,174,174
2020-03-18,BI,94,268,268
2020-03-19,BI,144,412,412
2020-03-20,BI,147,559,559
2020-03-21,BI,191,750,750
2020-03-22,BI,167,917,917
2020-03-23,BI,173,1051,1090
2020-03-24,BI,335,1348,1425
2020-03-25,BI,360,1611,1785
2020-03-26,BI,335,1852,2120
2020-03-27,BI,243,1951,2363
2020-03-28,BI,327,2131,2690
2020-03-29,BI,99,2039,2789
2020-03-30,BI,210,2082,2960
2020-03-31,BI,326,2235,3248
2020-04-01,BI,318,2218,3469
2020-04-02,BI,319,2177,3694
2020-04-03,BI,228,2070,3778
2020-04-04,BI,172,1999,3803
2020-04-05,BI,100,1772,3712
2020-04-06,BI,177,1850,3722
2020-04-07,BI,245,1885,3794
2020-04-08,BI,179,1738,3638
2020-04-09,BI,184,1604,3462
2020-04-10,BI,204,1489,3331
2020-04-11,BI,81,1342,3169
2020-04-12,BI,93,1263,2935
2020-04-13,BI,122,1285,2958
2020-04-14,BI,152,1260,2900
2020-04-15,BI,139,1154,2713
2020-04-16,BI,162,1137,2557
2020-04-17,BI,89,1042,2327
2020-04-18,BI,96,934,2195
2020-04-19,BI,39,892,2062
2020-04-20,BI,45,844,2007
2020-04-21,BI,116,838,1946
2020-04-22,BI,82,768,1783
2020-04-23,BI,117,746,1721
2020-04-24,BI,123,707,1660
2020-04-25,BI,47,665,1503
2020-04-26,BI,45,614,1467
2020-04-27,BI,60,635,1434
2020-04-28,BI,45,635,1357
2020-04-29,BI,77,596,1282
2020-04-30,BI,126,640,1269
2020-03-15,BU,10,10,10
2020-03-16,BU,18,28,28
2020-03-17,BU,35,63,63
2020-03-18,BU,16,79,79
2020-03-19,BU,30,109,109
2020-03-20,BU,54,163,163
2020-03-21,BU,41,204,204
2020-03-22,BU,39,243,243
2020-03-23,BU,61,294,304
2020-03-24,BU,97,373,401
2020-03-25,BU,54,392,455
2020-03-26,BU,75,451,530
2020-03-27,BU,59,480,589
2020-03-28,BU,44,470,633
2020-03-29,BU,38,467,671
2020-03-30,BU,36,464,697
2020-03-31,BU,48,451,727
2020-04-01,BU,66,420,758
2020-04-02,BU,18,384,760
2020-04-03,BU,21,330,751
2020-04-04,BU,24,295,721
2020-04-05,BU,14,265,694
2020-04-06,BU,48,275,703
2020-04-07,BU,26,265,668
2020-04-08,BU,59,276,630
2020-04-09,BU,80,290,656
2020-04-10,BU,56,328,637
2020-04-11,BU,24,331,602
2020-04-12,BU,36,343,594
2020-04-13,BU,25,354,581
2020-04-14,BU,68,374,613
2020-04-15,BU,97,445,662
2020-04-16,BU,58,444,654
2020-04-17,BU,49,413,685
2020-04-18,BU,19,376,683
2020-04-19,BU,17,369,676
2020-04-20,BU,19,352,681
2020-04-21,BU,40,367,673
2020-04-22,BU,24,323,671
2020-04-23,BU,34,260,646
2020-04-24,BU,19,221,585
2020-04-25,BU,33,205,562
2020-04-26,BU,22,208,560
2020-04-27,BU,24,215,548
2020-04-28,BU,45,241,568
2020-04-29,BU,25,226,525
2020-04-30,BU,16,218,444
2020-03-15,CÑ,32,32,32
2020-03-16,CÑ,47,79,79
2020-03-17,CÑ,48,127,127
2020-03-18,CÑ,65,192,192
2020-03-19,CÑ,51,243,243
2020-03-20,CÑ,105,348,348
2020-03-21,CÑ,98,446,446
2020-03-22,CÑ,109,555,555
2020-03-23,CÑ,132,655,687
2020-03-24,CÑ,180,788,867
2020-03-25,CÑ,176,916,1043
2020-03-26,CÑ,167,1018,1210
2020-03-27,CÑ,148,1115,1358
2020-03-28,CÑ,138,1148,1496
2020-03-29,CÑ,146,1196,1642
2020-03-30,CÑ,156,1243,1766
2020-03-31,CÑ,120,1231,1839
2020-04-01,CÑ,112,1163,1903
2020-04-02,CÑ,117,1104,1955
2020-04-03,CÑ,150,1087,2054
2020-04-04,CÑ,80,1019,2029
2020-04-05,CÑ,111,992,2042
2020-04-06,CÑ,133,979,2066
2020-04-07,CÑ,76,899,2010
2020-04-08,CÑ,69,848,1899
2020-04-09,CÑ,77,813,1800
2020-04-10,CÑ,83,779,1716
2020-04-11,CÑ,54,683,1622
2020-04-12,CÑ,42,645,1526
2020-04-13,CÑ,77,611,1457
2020-04-14,CÑ,117,595,1418
2020-04-15,CÑ,43,562,1341
2020-04-16,CÑ,45,538,1274
2020-04-17,CÑ,36,497,1193
2020-04-18,CÑ,42,456,1085
2020-04-19,CÑ,37,439,1042
2020-04-20,CÑ,42,439,973
2020-04-21,CÑ,29,391,869
2020-04-22,CÑ,27,301,820
2020-04-23,CÑ,65,323,816
2020-04-24,CÑ,41,319,780
2020-04-25,CÑ,32,315,729
2020-04-26,CÑ,22,295,697
2020-04-27,CÑ,20,278,675
2020-04-28,CÑ,30,266,628
2020-04-29,CÑ,28,265,539
2020-04-30,CÑ,19,257,515
2020-03-15,CZ,13,13,13
2020-03-16,CZ,20,33,33
2020-03-17,CZ,19,52,52
2020-03-18,CZ,21,73,73
2020-03-19,CZ,20,93,93
2020-03-20,CZ,33,126,126
2020-03-21,CZ,67,193,193
2020-03-22,CZ,28,221,221
2020-03-23,CZ,46,254,267
2020-03-24,CZ,29,263,296
2020-03-25,CZ,59,303,355
2020-03-26,CZ,54,336,409
2020-03-27,CZ,64,380,473
2020-03-28,CZ,66,413,539
2020-03-29,CZ,56,402,595
2020-03-30,CZ,79,453,661
2020-03-31,CZ,46,453,687
2020-04-01,CZ,39,463,707
2020-04-02,CZ,52,456,738
2020-04-03,CZ,39,441,757
2020-04-04,CZ,22,399,746
2020-04-05,CZ,10,343,689
2020-04-06,CZ,18,305,679
2020-04-07,CZ,20,246,653
2020-04-08,CZ,19,219,643
2020-04-09,CZ,34,214,618
2020-04-10,CZ,20,182,584
2020-04-11,CZ,21,164,541
2020-04-12,CZ,28,170,503
2020-04-13,CZ,24,184,471
2020-04-14,CZ,17,183,409
2020-04-15,CZ,19,182,382
2020-04-16,CZ,13,176,356
2020-04-17,CZ,8,150,312
2020-04-18,CZ,8,138,281
2020-04-19,CZ,10,127,269
2020-04-20,CZ,7,106,266
2020-04-21,CZ,18,100,266
2020-04-22,CZ,7,90,253
2020-04-23,CZ,4,75,238
2020-04-24,CZ,7,69,211
2020-04-25,CZ,9,70,200
2020-04-26,CZ,2,64,181
2020-04-27,CZ,5,59,158
2020-04-28,CZ,5,57,139
2020-04-29,CZ,4,43,126
2020-04-30,CZ,8,44,115
2020-03-15,CC,23,23,23
2020-03-16,CC,36,59,59
2020-03-17,CC,38,97,97
2020-03-18,CC,30,127,127
2020-03-19,CC,14,141,141
2020-03-20,CC,45,186,186
2020-03-21,CC,14,200,200
2020-03-22,CC,10,210,210
2020-03-23,CC,162,349,372
2020-03-24,CC,97,410,469
2020-03-25,CC,104,476,573
2020-03-26,CC,155,601,728
2020-03-27,CC,103,690,831
2020-03-28,CC,69,714,900
2020-03-29,CC,57,757,957
2020-03-30,CC,32,779,966
2020-03-31,CC,72,689,1002
2020-04-01,CC,23,615,987
2020-04-02,CC,35,546,992
2020-04-03,CC,68,459,1046
2020-04-04,CC,50,406,1051
2020-04-05,CC,21,358,1058
2020-04-06,CC,29,330,1077
2020-04-07,CC,49,347,964
2020-04-08,CC,83,358,950
2020-04-09,CC,50,385,896
2020-04-10,CC,22,372,763
2020-04-11,CC,12,316,672
2020-04-12,CC,16,282,619
2020-04-13,CC,13,274,575
2020-04-14,CC,57,302,600
2020-04-15,CC,20,273,548
2020-04-16,CC,21,211,546
2020-04-17,CC,58,219,569
2020-04-18,CC,19,216,520
2020-04-19,CC,8,212,478
2020-04-20,CC,20,216,477
2020-04-21,CC,22,225,470
2020-04-22,CC,40,208,461
2020-04-23,CC,52,240,430
2020-04-24,CC,30,249,410
2020-04-25,CC,15,206,403
2020-04-26,CC,3,190,394
2020-04-27,CC,12,194,390
2020-04-28,CC,29,203,406
2020-04-29,CC,12,193,361
2020-04-30,CC,21,174,362
2020-03-15,CE,0,0,0
2020-03-16,CE,0,0,0
2020-03-17,CE,0,0,0
2020-03-18,CE,0,0,0
2020-03-19,CE,4,4,4
2020-03-20,CE,0,4,4
2020-03-21,CE,0,4,4
2020-03-22,CE,2,6,6
2020-03-23,CE,1,7,7
2020-03-24,CE,1,8,8
2020-03-25,CE,1,9,9
2020-03-26,CE,7,16,16
2020-03-27,CE,0,12,16
2020-03-28,CE,6,18,22
2020-03-29,CE,6,24,28
2020-03-30,CE,13,35,41
2020-03-31,CE,13,47,54
2020-04-01,CE,2,48,56
2020-04-02,CE,4,51,60
2020-04-03,CE,11,55,67
2020-04-04,CE,10,65,77
2020-04-05,CE,1,60,78
2020-04-06,CE,0,54,76
2020-04-07,CE,0,41,75
2020-04-08,CE,3,31,77
2020-04-09,CE,4,33,80
2020-04-10,CE,2,31,75
2020-04-11,CE,0,20,75
2020-04-12,CE,2,12,71
2020-04-13,CE,1,12,66
2020-04-14,CE,2,14,55
2020-04-15,CE,0,14,42
2020-04-16,CE,1,12,41
2020-04-17,CE,0,8,37
2020-04-18,CE,0,6,26
2020-04-19,CE,0,6,16
2020-04-20,CE,0,4,15
2020-04-21,CE,1,4,16
2020-04-22,CE,0,2,16
2020-04-23,CE,0,2,13
2020-04-24,CE,0,1,9
2020-04-25,CE,0,1,7
2020-04-26,CE,0,1,7
2020-04-27,CE,0,1,5
2020-04-28,CE,1,2,5
2020-04-29,CE,0,1,3
2020-04-30,CE,0,1,3
2020-03-15,CO,31,31,31
2020-03-16,CO,10,41,41
2020-03-17,CO,30,71,71
2020-03-18,CO,15,86,86
2020-03-19,CO,38,124,124
2020-03-20,CO,24,148,148
2020-03-21,CO,18,166,166
2020-03-22,CO,27,193,193
2020-03-23,CO,55,217,248
2020-03-24,CO,65,272,313
2020-03-25,CO,74,316,387
2020-03-26,CO,31,332,418
2020-03-27,CO,56,350,474
2020-03-28,CO,91,417,565
2020-03-29,CO,66,465,631
2020-03-30,CO,23,461,623
2020-03-31,CO,76,482,689
2020-04-01,CO,88,505,747
2020-04-02,CO,54,485,786
2020-04-03,CO,67,521,815
2020-04-04,CO,66,531,857
2020-04-05,CO,11,451,850
2020-04-06,CO,28,413,851
2020-04-07,CO,20,410,816
2020-04-08,CO,15,349,766
2020-04-09,CO,21,282,713
2020-04-10,CO,21,249,703
2020-04-11,CO,18,200,665
2020-04-12,CO,14,148,588
2020-04-13,CO,12,149,534
2020-04-14,CO,11,132,522
2020-04-15,CO,5,117,451
2020-04-16,CO,6,108,369
2020-04-17,CO,10,97,325
2020-04-18,CO,8,84,266
2020-04-19,CO,8,74,208
2020-04-20,CO,5,65,202
2020-04-21,CO,18,71,192
2020-04-22,CO,3,63,175
2020-04-23,CO,14,72,174
2020-04-24,CO,7,73,160
2020-04-25,CO,4,67,143
2020-04-26,CO,1,60,126
2020-04-27,CO,6,58,118
2020-04-28,CO,3,56,109
2020-04-29,CO,4,42,102
2020-04-30,CO,6,45,103
2020-03-15,CR,32,32,32
2020-03-16,CR,35,67,67
2020-03-17,CR,66,133,133
2020-03-18,CR,109,242,242
2020-03-19,CR,132,374,374
2020-03-20,CR,176,550,550
2020-03-21,CR,165,715,715
2020-03-22,CR,134,849,849
2020-03-23,CR,118,935,967
2020-03-24,CR,250,1150,1217
2020-03-25,CR,289,1373,1506
2020-03-26,CR,129,1393,1635
2020-03-27,CR,183,1444,1818
2020-03-28,CR,211,1479,2029
2020-03-29,CR,247,1561,2276
2020-03-30,CR,310,1737,2554
2020-03-31,CR,291,1910,2810
2020-04-01,CR,324,1984,3068
2020-04-02,CR,212,1907,3171
2020-04-03,CR,224,2002,3263
2020-04-04,CR,143,1962,3230
2020-04-05,CR,126,1877,3191
2020-04-06,CR,203,1833,3260
2020-04-07,CR,157,1680,3299
2020-04-08,CR,127,1516,3176
2020-04-09,CR,45,1237,2932
2020-04-10,CR,178,1203,2981
2020-04-11,CR,41,1020,2839
2020-04-12,CR,24,901,2652
2020-04-13,CR,70,845,2475
2020-04-14,CR,78,720,2243
2020-04-15,CR,93,656,2045
2020-04-16,CR,63,592,1784
2020-04-17,CR,68,615,1640
2020-04-18,CR,54,491,1470
2020-04-19,CR,42,492,1369
2020-04-20,CR,57,525,1300
2020-04-21,CR,45,500,1142
2020-04-22,CR,72,494,1057
2020-04-23,CR,30,431,960
2020-04-24,CR,29,397,944
2020-04-25,CR,26,355,792
2020-04-26,CR,10,311,761
2020-04-27,CR,28,297,765
2020-04-28,CR,19,259,714
2020-04-29,CR,28,242,664
2020-04-30,CR,25,195,596
2020-03-15,CS,7,7,7
2020-03-16,CS,12,19,19
2020-03-17,CS,19,38,38
2020-03-18,CS,14,52,52
2020-03-19,CS,34,86,86
2020-03-20,CS,36,122,122
2020-03-21,CS,38,160,160
2020-03-22,CS,30,190,190
2020-03-23,CS,56,239,246
2020-03-24,CS,57,284,303
2020-03-25,CS,69,334,372
2020-03-26,CS,36,356,408
2020-03-27,CS,73,395,481
2020-03-28,CS,75,434,556
2020-03-29,CS,42,438,598
2020-03-30,CS,39,447,630
2020-03-31,CS,50,441,668
2020-04-01,CS,50,434,699
2020-04-02,CS,46,411,731
2020-04-03,CS,47,422,744
2020-04-04,CS,48,397,756
2020-04-05,CS,20,342,738
2020-04-06,CS,18,318,726
2020-04-07,CS,30,309,700
2020-04-08,CS,73,332,716
2020-04-09,CS,65,347,712
2020-04-10,CS,44,345,720
2020-04-11,CS,24,322,671
2020-04-12,CS,26,300,622
2020-04-13,CS,23,303,603
2020-04-14,CS,28,313,592
2020-04-15,CS,39,322,581
2020-04-16,CS,19,268,550
2020-04-17,CS,24,227,528
2020-04-18,CS,8,191,489
2020-04-19,CS,6,173,447
2020-04-20,CS,8,155,435
2020-04-21,CS,10,142,427
2020-04-22,CS,5,119,402
2020-04-23,CS,15,95,344
2020-04-24,CS,11,87,290
2020-04-25,CS,5,68,251
2020-04-26,CS,3,63,230
2020-04-27,CS,11,68,215
2020-04-28,CS,6,66,198
2020-04-29,CS,14,70,184
2020-04-30,CS,9,74,154
2020-03-15,CU,25,25,25
2020-03-16,CU,16,41,41
2020-03-17,CU,14,55,55
2020-03-18,CU,20,75,75
2020-03-19,CU,27,102,102
2020-03-20,CU,28,130,130
2020-03-21,CU,16,146,146
2020-03-22,CU,32,178,178
2020-03-23,CU,45,198,223
2020-03-24,CU,10,192,233
2020-03-25,CU,24,202,257
2020-03-26,CU,44,226,301
2020-03-27,CU,82,281,383
2020-03-28,CU,27,280,410
2020-03-29,CU,54,318,464
2020-03-30,CU,57,343,496
2020-03-31,CU,59,357,539
2020-04-01,CU,119,466,644
2020-04-02,CU,63,505,687
2020-04-03,CU,68,529,728
2020-04-04,CU,76,523,776
2020-04-05,CU,45,541,805
2020-04-06,CU,77,564,850
2020-04-07,CU,60,567,865
2020-04-08,CU,47,555,902
2020-04-09,CU,32,468,910
2020-04-10,CU,23,428,889
2020-04-11,CU,24,384,831
2020-04-12,CU,16,324,820
2020-04-13,CU,32,311,798
2020-04-14,CU,42,276,783
2020-04-15,CU,23,239,747
2020-04-16,CU,40,232,668
2020-04-17,CU,22,222,627
2020-04-18,CU,28,227,587
2020-04-19,CU,21,224,532
2020-04-20,CU,24,232,511
2020-04-21,CU,17,217,451
2020-04-22,CU,14,189,405
2020-04-23,CU,17,183,375
2020-04-24,CU,30,173,373
2020-04-25,CU,10,161,360
2020-04-26,CU,24,157,360
2020-04-27,CU,19,155,363
2020-04-28,CU,42,173,373
2020-04-29,CU,38,194,369
2020-04-30,CU,43,223,389
2020-03-15,GC,5,5,5
2020-03-16,GC,16,21,21
2020-03-17,GC,14,35,35
2020-03-18,GC,21,56,56
2020-03-19,GC,43,99,99
2020-03-20,GC,25,124,124
2020-03-21,GC,27,151,151
2020-03-22,GC,22,173,173
2020-03-23,GC,22,190,195
2020-03-24,GC,52,226,247
2020-03-25,GC,37,249,284
2020-03-26,GC,36,264,320
2020-03-27,GC,19,240,339
2020-03-28,GC,28,243,367
2020-03-29,GC,33,249,400
2020-03-30,GC,32,259,427
2020-03-31,GC,21,258,432
2020-04-01,GC,23,229,441
2020-04-02,GC,34,226,454
2020-04-03,GC,10,200,421
2020-04-04,GC,13,194,409
2020-04-05,GC,12,178,394
2020-04-06,GC,9,154,381
2020-04-07,GC,5,127,364
2020-04-08,GC,18,124,330
2020-04-09,GC,9,110,302
2020-04-10,GC,2,78,268
2020-04-11,GC,11,79,260
2020-04-12,GC,1,67,233
2020-04-13,GC,3,58,203
2020-04-14,GC,3,52,174
2020-04-15,GC,4,51,157
2020-04-16,GC,4,37,138
2020-04-17,GC,4,32,108
2020-04-18,GC,4,34,102
2020-04-19,GC,2,25,91
2020-04-20,GC,4,28,83
2020-04-21,GC,5,30,79
2020-04-22,GC,8,35,82
2020-04-23,GC,4,35,68
2020-04-24,GC,4,35,63
2020-04-25,GC,1,32,62
2020-04-26,GC,1,29,52
2020-04-27,GC,5,32,56
2020-04-28,GC,0,28,53
2020-04-29,GC,2,25,52
2020-04-30,GC,1,18,49
2020-03-15,GI,27,27,27
2020-03-16,GI,23,50,50
2020-03-17,GI,40,90,90
2020-03-18,GI,57,147,147
2020-03-19,GI,66,213,213
2020-03-20,GI,116,329,329
2020-03-21,GI,69,398,398
2020-03-22,GI,78,476,476
2020-03-23,GI,103,552,579
2020-03-24,GI,125,654,704
2020-03-25,GI,124,738,828
2020-03-26,GI,133,814,961
2020-03-27,GI,129,877,1090
2020-03-28,GI,82,843,1172
2020-03-29,GI,62,836,1234
2020-03-30,GI,114,872,1321
2020-03-31,GI,99,868,1397
2020-04-01,GI,89,832,1446
2020-04-02,GI,128,836,1517
2020-04-03,GI,107,810,1558
2020-04-04,GI,64,745,1506
2020-04-05,GI,48,711,1485
2020-04-06,GI,128,777,1535
2020-04-07,GI,72,735,1504
2020-04-08,GI,66,702,1445
2020-04-09,GI,85,698,1406
2020-04-10,GI,56,626,1329
2020-04-11,GI,61,580,1261
2020-04-12,GI,38,554,1217
2020-04-13,GI,31,537,1186
2020-04-14,GI,59,468,1131
2020-04-15,GI,68,464,1100
2020-04-16,GI,93,491,1104
2020-04-17,GI,66,472,1042
2020-04-18,GI,77,493,1012
2020-04-19,GI,24,456,972
2020-04-20,GI,73,491,997
2020-04-21,GI,127,587,996
2020-04-22,GI,123,651,1047
2020-04-23,GI,104,687,1085
2020-04-24,GI,87,681,1087
2020-04-25,GI,21,636,1052
2020-04-26,GI,17,576,1008
2020-04-27,GI,20,572,990
2020-04-28,GI,26,525,985
2020-04-29,GI,36,434,962
2020-04-30,GI,16,327,910
2020-03-15,GR,18,18,18
2020-03-16,GR,23,41,41
2020-03-17,GR,53,94,94
2020-03-18,GR,53,147,147
2020-03-19,GR,75,222,222
2020-03-20,GR,76,298,298
2020-03-21,GR,69,367,367
2020-03-22,GR,70,437,437
2020-03-23,GR,114,533,551
2020-03-24,GR,104,614,655
2020-03-25,GR,93,654,748
2020-03-26,GR,130,731,878
2020-03-27,GR,127,783,1005
2020-03-28,GR,140,847,1145
2020-03-29,GR,50,828,1195
2020-03-30,GR,93,851,1270
2020-03-31,GR,79,816,1326
2020-04-01,GR,106,818,1379
2020-04-02,GR,127,852,1453
2020-04-03,GR,61,783,1439
2020-04-04,GR,78,734,1441
2020-04-05,GR,28,622,1400
2020-04-06,GR,32,604,1362
2020-04-07,GR,53,564,1301
2020-04-08,GR,68,553,1265
2020-04-09,GR,26,473,1198
2020-04-10,GR,29,375,1097
2020-04-11,GR,33,347,1003
2020-04-12,GR,23,292,886
2020-04-13,GR,28,292,864
2020-04-14,GR,34,294,805
2020-04-15,GR,11,252,737
2020-04-16,GR,25,209,656
2020-04-17,GR,44,227,573
2020-04-18,GR,16,214,528
2020-04-19,GR,14,195,464
2020-04-20,GR,29,201,465
2020-04-21,GR,31,204,464
2020-04-22,GR,15,185,426
2020-04-23,GR,18,192,376
2020-04-24,GR,17,184,367
2020-04-25,GR,11,151,349
2020-04-26,GR,1,136,317
2020-04-27,GR,12,134,306
2020-04-28,GR,8,113,286
2020-04-29,GR,11,93,263
2020-04-30,GR,20,98,272
2020-03-15,GU,23,23,23
2020-03-16,GU,7,30,30
2020-03-17,GU,30,60,60
2020-03-18,GU,26,86,86
2020-03-19,GU,13,99,99
2020-03-20,GU,42,141,141
2020-03-21,GU,38,179,179
2020-03-22,GU,61,240,240
2020-03-23,GU,8,225,248
2020-03-24,GU,25,243,273
2020-03-25,GU,45,258,318
2020-03-26,GU,53,285,371
2020-03-27,GU,39,311,410
2020-03-28,GU,112,381,522
2020-03-29,GU,61,404,583
2020-03-30,GU,70,413,630
2020-03-31,GU,37,442,660
2020-04-01,GU,28,445,658
2020-04-02,GU,10,410,642
2020-04-03,GU,21,378,650
2020-04-04,GU,31,370,639
2020-04-05,GU,30,288,631
2020-04-06,GU,21,248,591
2020-04-07,GU,38,216,621
2020-04-08,GU,55,234,651
2020-04-09,GU,17,223,623
2020-04-10,GU,29,242,599
2020-04-11,GU,31,252,591
2020-04-12,GU,22,243,501
2020-04-13,GU,18,231,458
2020-04-14,GU,51,261,439
2020-04-15,GU,30,253,432
2020-04-16,GU,18,216,422
2020-04-17,GU,44,243,456
2020-04-18,GU,10,224,445
2020-04-19,GU,13,206,427
2020-04-20,GU,22,206,419
2020-04-21,GU,19,207,417
2020-04-22,GU,27,183,406
2020-04-23,GU,33,186,384
2020-04-24,GU,32,200,399
2020-04-25,GU,10,166,380
2020-04-26,GU,6,162,355
2020-04-27,GU,25,174,358
2020-04-28,GU,11,163,351
2020-04-29,GU,22,166,322
2020-04-30,GU,18,157,310
2020-03-15,HU,1,1,1
2020-03-16,HU,3,4,4
2020-03-17,HU,17,21,21
2020-03-18,HU,7,28,28
2020-03-19,HU,7,35,35
2020-03-20,HU,8,43,43
2020-03-21,HU,8,51,51
2020-03-22,HU,17,68,68
2020-03-23,HU,10,77,78
2020-03-24,HU,15,89,93
2020-03-25,HU,18,90,111
2020-03-26,HU,20,103,131
2020-03-27,HU,35,131,166
2020-03-28,HU,24,147,190
2020-03-29,HU,8,147,198
2020-03-30,HU,16,146,213
2020-03-31,HU,18,154,228
2020-04-01,HU,23,162,234
2020-04-02,HU,17,161,244
2020-04-03,HU,12,153,249
2020-04-04,HU,11,129,252
2020-04-05,HU,4,109,248
2020-04-06,HU,5,106,236
2020-04-07,HU,7,97,233
2020-04-08,HU,11,90,229
2020-04-09,HU,8,75,219
2020-04-10,HU,2,60,201
2020-04-11,HU,7,55,173
2020-04-12,HU,3,47,152
2020-04-13,HU,3,46,147
2020-04-14,HU,7,48,138
2020-04-15,HU,6,47,126
2020-04-16,HU,4,40,107
2020-04-17,HU,8,40,98
2020-04-18,HU,7,45,93
2020-04-19,HU,1,39,83
2020-04-20,HU,0,36,79
2020-04-21,HU,2,35,76
2020-04-22,HU,5,33,74
2020-04-23,HU,1,28,64
2020-04-24,HU,4,28,60
2020-04-25,HU,3,23,61
2020-04-26,HU,2,18,56
2020-04-27,HU,4,21,57
2020-04-28,HU,0,21,54
2020-04-29,HU,0,19,47
2020-04-30,HU,0,14,41
2020-03-15,HS,4,4,4
2020-03-16,HS,2,6,6
2020-03-17,HS,4,10,10
2020-03-18,HS,16,26,26
2020-03-19,HS,12,38,38
2020-03-20,HS,7,45,45
2020-03-21,HS,9,54,54
2020-03-22,HS,17,71,71
2020-03-23,HS,12,79,83
2020-03-24,HS,28,105,111
2020-03-25,HS,21,122,132
2020-03-26,HS,33,139,165
2020-03-27,HS,45,172,210
2020-03-28,HS,17,182,227
2020-03-29,HS,29,202,256
2020-03-30,HS,26,211,278
2020-03-31,HS,45,244,321
2020-04-01,HS,17,233,334
2020-04-02,HS,27,239,345
2020-04-03,HS,14,220,347
2020-04-04,HS,17,192,357
2020-04-05,HS,7,182,355
2020-04-06,HS,14,167,352
2020-04-07,HS,9,150,349
2020-04-08,HS,35,140,356
2020-04-09,HS,18,141,353
2020-04-10,HS,7,121,327
2020-04-11,HS,5,112,287
2020-04-12,HS,5,100,275
2020-04-13,HS,18,111,264
2020-04-14,HS,7,104,245
2020-04-15,HS,5,100,205
2020-04-16,HS,12,77,200
2020-04-17,HS,9,68,182
2020-04-18,HS,7,68,175
2020-04-19,HS,5,68,163
2020-04-20,HS,3,66,159
2020-04-21,HS,12,60,157
2020-04-22,HS,2,55,150
2020-04-23,HS,3,53,118
2020-04-24,HS,2,43,102
2020-04-25,HS,2,36,97
2020-04-26,HS,0,29,92
2020-04-27,HS,9,33,96
2020-04-28,HS,5,35,83
2020-04-29,HS,5,28,81
2020-04-30,HS,2,28,78
2020-03-15,JA,2,2,2
2020-03-16,JA,8,10,10
2020-03-17,JA,28,38,38
2020-03-18,JA,33,71,71
2020-03-19,JA,27,98,98
2020-03-20,JA,33,131,131
2020-03-21,JA,48,179,179
2020-03-22,JA,38,217,217
2020-03-23,JA,34,249,251
2020-03-24,JA,59,300,310
2020-03-25,JA,79,351,389
2020-03-26,JA,92,410,481
2020-03-27,JA,85,468,566
2020-03-28,JA,85,520,651
2020-03-29,JA,32,504,683
2020-03-30,JA,47,513,728
2020-03-31,JA,60,539,780
2020-04-01,JA,40,520,792
2020-04-02,JA,45,486,804
2020-04-03,JA,46,440,823
2020-04-04,JA,43,398,833
2020-04-05,JA,14,327,799
2020-04-06,JA,16,311,777
2020-04-07,JA,27,291,770
2020-04-08,JA,71,302,782
2020-04-09,JA,27,289,730
2020-04-10,JA,37,281,675
2020-04-11,JA,15,250,605
2020-04-12,JA,3,210,523
2020-04-13,JA,14,210,505
2020-04-14,JA,15,209,473
2020-04-15,JA,23,205,436
2020-04-16,JA,26,160,422
2020-04-17,JA,14,147,391
2020-04-18,JA,5,115,350
2020-04-19,JA,3,103,310
2020-04-20,JA,7,107,303
2020-04-21,JA,17,110,304
2020-04-22,JA,10,105,287
2020-04-23,JA,2,84,218
2020-04-24,JA,8,66,199
2020-04-25,JA,8,60,170
2020-04-26,JA,1,56,156
2020-04-27,JA,4,57,157
2020-04-28,JA,2,52,145
2020-04-29,JA,3,38,133
2020-04-30,JA,11,39,121
2020-03-15,LL,5,5,5
2020-03-16,LL,7,12,12
2020-03-17,LL,25,37,37
2020-03-18,LL,29,66,66
2020-03-19,LL,34,100,100
2020-03-20,LL,44,144,144
2020-03-21,LL,36,180,180
2020-03-22,LL,22,202,202
2020-03-23,LL,52,249,254
2020-03-24,LL,82,324,336
2020-03-25,LL,95,394,431
2020-03-26,LL,64,429,495
2020-03-27,LL,86,481,581
2020-03-28,LL,42,479,623
2020-03-29,LL,61,504,684
2020-03-30,LL,64,546,743
2020-03-31,LL,91,585,827
2020-04-01,LL,58,561,860
2020-04-02,LL,55,521,886
2020-04-03,LL,53,510,905
2020-04-04,LL,26,450,887
2020-04-05,LL,22,430,873
2020-04-06,LL,29,398,880
2020-04-07,LL,71,405,899
2020-04-08,LL,60,374,877
2020-04-09,LL,63,379,845
2020-04-10,LL,44,368,825
2020-04-11,LL,24,339,763
2020-04-12,LL,26,339,747
2020-04-13,LL,40,357,726
2020-04-14,LL,37,365,699
2020-04-15,LL,46,340,654
2020-04-16,LL,35,315,631
2020-04-17,LL,26,278,602
2020-04-18,LL,33,267,582
2020-04-19,LL,9,252,565
2020-04-20,LL,6,232,549
2020-04-21,LL,53,245,573
2020-04-22,LL,31,239,533
2020-04-23,LL,14,207,487
2020-04-24,LL,6,178,430
2020-04-25,LL,4,156,390
2020-04-26,LL,2,125,368
2020-04-27,LL,10,126,352
2020-04-28,LL,10,130,322
2020-04-29,LL,2,79,287
2020-04-30,LL,10,58,251
2020-03-15,LE,16,16,16
2020-03-16,LE,32,48,48
2020-03-17,LE,13,61,61
2020-03-18,LE,43,104,104
2020-03-19,LE,43,147,147
2020-03-20,LE,41,188,188
2020-03-21,LE,55,243,243
2020-03-22,LE,68,311,311
2020-03-23,LE,82,377,393
2020-03-24,LE,49,394,442
2020-03-25,LE,95,476,537
2020-03-26,LE,82,515,619
2020-03-27,LE,165,637,784
2020-03-28,LE,67,663,851
2020-03-29,LE,74,682,925
2020-03-30,LE,57,671,966
2020-03-31,LE,24,613,958
2020-04-01,LE,77,641,1022
2020-04-02,LE,61,607,1040
2020-04-03,LE,43,568,1040
2020-04-04,LE,62,465,1061
2020-04-05,LE,41,439,1047
2020-04-06,LE,85,450,1064
2020-04-07,LE,44,437,1026
2020-04-08,LE,51,464,1028
2020-04-09,LE,60,447,993
2020-04-10,LE,107,493,1018
2020-04-11,LE,60,510,913
2020-04-12,LE,48,496,894
2020-04-13,LE,79,534,899
2020-04-14,LE,63,512,905
2020-04-15,LE,118,586,999
2020-04-16,LE,32,567,954
2020-04-17,LE,36,543,929
2020-04-18,LE,29,465,915
2020-04-19,LE,8,413,861
2020-04-20,LE,94,459,914
2020-04-21,LE,86,466,915
2020-04-22,LE,80,483,951
2020-04-23,LE,57,422,957
2020-04-24,LE,65,455,962
2020-04-25,LE,21,440,876
2020-04-26,LE,4,415,820
2020-04-27,LE,45,452,817
2020-04-28,LE,29,387,767
2020-04-29,LE,12,313,716
2020-04-30,LE,49,282,647
2020-03-15,LO,38,38,38
2020-03-16,LO,42,80,80
2020-03-17,LO,70,150,150
2020-03-18,LO,46,196,196
2020-03-19,LO,68,264,264
2020-03-20,LO,74,338,338
2020-03-21,LO,85,423,423
2020-03-22,LO,62,485,485
2020-03-23,LO,109,556,594
2020-03-24,LO,173,687,767
2020-03-25,LO,197,814,964
2020-03-26,LO,178,946,1142
2020-03-27,LO,150,1028,1292
2020-03-28,LO,126,1080,1418
2020-03-29,LO,88,1083,1506
2020-03-30,LO,136,1157,1604
2020-03-31,LO,186,1234,1748
2020-04-01,LO,143,1204,1821
2020-04-02,LO,139,1146,1914
2020-04-03,LO,218,1186,2064
2020-04-04,LO,99,1135,2089
2020-04-05,LO,86,1095,2090
2020-04-06,LO,102,1109,2130
2020-04-07,LO,94,1067,2115
2020-04-08,LO,81,962,2023
2020-04-09,LO,93,912,1919
2020-04-10,LO,98,871,1839
2020-04-11,LO,62,715,1751
2020-04-12,LO,29,645,1654
2020-04-13,LO,52,611,1618
2020-04-14,LO,55,564,1537
2020-04-15,LO,57,527,1408
2020-04-16,LO,52,498,1317
2020-04-17,LO,47,452,1225
2020-04-18,LO,19,373,1026
2020-04-19,LO,14,325,941
2020-04-20,LO,26,322,881
2020-04-21,LO,41,311,820
2020-04-22,LO,47,303,773
2020-04-23,LO,31,277,723
2020-04-24,LO,19,244,649
2020-04-25,LO,18,215,569
2020-04-26,LO,5,201,512
2020-04-27,LO,8,195,491
2020-04-28,LO,17,186,456
2020-04-29,LO,19,164,420
2020-04-30,LO,8,125,371
2020-03-15,LU,8,8,8
2020-03-16,LU,11,19,19
2020-03-17,LU,8,27,27
2020-03-18,LU,14,41,41
2020-03-19,LU,13,54,54
2020-03-20,LU,14,68,68
2020-03-21,LU,21,89,89
2020-03-22,LU,14,103,103
2020-03-23,LU,29,124,132
2020-03-24,LU,26,139,158
2020-03-25,LU,72,203,230
2020-03-26,LU,47,236,277
2020-03-27,LU,96,319,373
2020-03-28,LU,31,336,404
2020-03-29,LU,48,363,452
2020-03-30,LU,66,415,510
2020-03-31,LU,44,430,543
2020-04-01,LU,30,434,565
2020-04-02,LU,13,375,564
2020-04-03,LU,5,333,556
2020-04-04,LU,12,249,554
2020-04-05,LU,12,230,545
2020-04-06,LU,13,195,544
2020-04-07,LU,10,139,525
2020-04-08,LU,15,110,514
2020-04-09,LU,31,111,473
2020-04-10,LU,1,99,427
2020-04-11,LU,3,97,334
2020-04-12,LU,2,87,305
2020-04-13,LU,6,81,263
2020-04-14,LU,6,74,203
2020-04-15,LU,4,68,163
2020-04-16,LU,4,57,137
2020-04-17,LU,2,28,126
2020-04-18,LU,12,39,133
2020-04-19,LU,2,38,123
2020-04-20,LU,4,40,115
2020-04-21,LU,5,39,107
2020-04-22,LU,1,34,98
2020-04-23,LU,2,32,85
2020-04-24,LU,2,30,56
2020-04-25,LU,0,28,55
2020-04-26,LU,0,16,52
2020-04-27,LU,1,15,51
2020-04-28,LU,4,15,49
2020-04-29,LU,2,12,45
2020-04-30,LU,0,11,41
2020-03-15,M,816,816,816
2020-03-16,M,1414,2230,2230
2020-03-17,M,2067,4297,4297
2020-03-18,M,1849,6146,6146
2020-03-19,M,2378,8524,8524
2020-03-20,M,2310,10834,10834
2020-03-21,M,1941,12775,12775
2020-03-22,M,1678,14453,14453
2020-03-23,M,2881,16518,17334
2020-03-24,M,3328,18432,20662
2020-03-25,M,3216,19581,23878
2020-03-26,M,3252,20984,27130
2020-03-27,M,2346,20952,29476
2020-03-28,M,1247,19889,30723
2020-03-29,M,887,18835,31610
2020-03-30,M,2279,19436,33073
2020-03-31,M,1902,18457,33561
2020-04-01,M,1592,16721,33086
2020-04-02,M,1929,15434,33166
2020-04-03,M,1857,14039,32645
2020-04-04,M,879,12572,31214
2020-04-05,M,597,11922,29870
2020-04-06,M,1588,12623,29780
2020-04-07,M,1355,11699,28254
2020-04-08,M,1399,11196,26325
2020-04-09,M,925,10529,24034
2020-04-10,M,956,9556,21738
2020-04-11,M,633,8332,20025
2020-04-12,M,406,7859,19184
2020-04-13,M,937,8199,19234
2020-04-14,M,1022,7633,17977
2020-04-15,M,847,7125,16922
2020-04-16,M,821,6547,16151
2020-04-17,M,842,6464,15064
2020-04-18,M,524,6032,13731
2020-04-19,M,231,5630,13083
2020-04-20,M,675,5899,13161
2020-04-21,M,640,5602,12213
2020-04-22,M,745,5325,11603
2020-04-23,M,497,4975,10701
2020-04-24,M,598,4752,10374
2020-04-25,M,255,4165,9673
2020-04-26,M,151,3792,9191
2020-04-27,M,647,4208,9432
2020-04-28,M,569,4102,9064
2020-04-29,M,456,3918,8498
2020-04-30,M,338,3511,7989
2020-03-15,MA,71,71,71
2020-03-16,MA,40,111,111
2020-03-17,MA,77,188,188
2020-03-18,MA,73,261,261
2020-03-19,MA,107,368,368
2020-03-20,MA,70,438,438
2020-03-21,MA,91,529,529
2020-03-22,MA,128,657,657
2020-03-23,MA,116,702,773
2020-03-24,MA,105,767,878
2020-03-25,MA,178,868,1056
2020-03-26,MA,190,985,1246
2020-03-27,MA,117,995,1363
2020-03-28,MA,122,1047,1485
2020-03-29,MA,91,1047,1576
2020-03-30,MA,98,1017,1603
2020-03-31,MA,101,1002,1664
2020-04-01,MA,75,972,1662
2020-04-02,MA,68,862,1657
2020-04-03,MA,75,747,1625
2020-04-04,MA,73,703,1628
2020-04-05,MA,24,605,1561
2020-04-06,MA,46,560,1479
2020-04-07,MA,48,510,1411
2020-04-08,MA,54,463,1360
2020-04-09,MA,43,431,1225
2020-04-10,MA,27,390,1062
2020-04-11,MA,26,341,971
2020-04-12,MA,15,283,864
2020-04-13,MA,34,293,807
2020-04-14,MA,34,281,743
2020-04-15,MA,26,259,668
2020-04-16,MA,21,226,614
2020-04-17,MA,17,200,563
2020-04-18,MA,15,188,503
2020-04-19,MA,8,170,438
2020-04-20,MA,8,163,422
2020-04-21,MA,9,138,385
2020-04-22,MA,11,115,348
2020-04-23,MA,14,103,308
2020-04-24,MA,18,100,283
2020-04-25,MA,4,87,260
2020-04-26,MA,4,76,238
2020-04-27,MA,6,74,229
2020-04-28,MA,7,73,202
2020-04-29,MA,16,80,184
2020-04-30,MA,8,77,166
2020-03-15,ML,11,11,11
2020-03-16,ML,0,11,11
2020-03-17,ML,4,15,15
2020-03-18,ML,1,16,16
2020-03-19,ML,3,19,19
2020-03-20,ML,1,20,20
2020-03-21,ML,0,20,20
2020-03-22,ML,3,23,23
2020-03-23,ML,0,12,23
2020-03-24,ML,10,22,33
2020-03-25,ML,1,19,34
2020-03-26,ML,3,21,37
2020-03-27,ML,2,20,39
2020-03-28,ML,3,22,42
2020-03-29,ML,5,27,47
2020-03-30,ML,4,28,40
2020-03-31,ML,2,30,42
2020-04-01,ML,0,20,38
2020-04-02,ML,14,33,51
2020-04-03,ML,3,33,51
2020-04-04,ML,7,38,57
2020-04-05,ML,6,41,63
2020-04-06,ML,0,36,60
2020-04-07,ML,1,33,61
2020-04-08,ML,0,31,51
2020-04-09,ML,2,33,52
2020-04-10,ML,3,22,52
2020-04-11,ML,0,19,50
2020-04-12,ML,3,15,50
2020-04-13,ML,0,9,45
2020-04-14,ML,1,10,42
2020-04-15,ML,1,10,41
2020-04-16,ML,1,11,42
2020-04-17,ML,0,9,28
2020-04-18,ML,0,6,25
2020-04-19,ML,1,7,19
2020-04-20,ML,0,4,13
2020-04-21,ML,0,4,13
2020-04-22,ML,1,4,13
2020-04-23,ML,2,5,15
2020-04-24,ML,1,5,14
2020-04-25,ML,2,7,13
2020-04-26,ML,4,11,17
2020-04-27,ML,0,10,14
2020-04-28,ML,1,11,15
2020-04-29,ML,2,13,16
2020-04-30,ML,1,13,16
2020-03-15,MU,20,20,20
2020-03-16,MU,21,41,41
2020-03-17,MU,42,83,83
2020-03-18,MU,38,121,121
2020-03-19,MU,36,157,157
2020-03-20,MU,49,206,206
2020-03-21,MU,59,265,265
2020-03-22,MU,34,299,299
2020-03-23,MU,67,346,366
2020-03-24,MU,144,469,510
2020-03-25,MU,84,511,594
2020-03-26,MU,101,574,695
2020-03-27,MU,78,616,773
2020-03-28,MU,68,635,841
2020-03-29,MU,50,626,891
2020-03-30,MU,56,648,927
2020-03-31,MU,53,634,959
2020-04-01,MU,36,526,953
2020-04-02,MU,64,506,979
2020-04-03,MU,44,449,987
2020-04-04,MU,46,417,984
2020-04-05,MU,19,368,944
2020-04-06,MU,34,352,944
2020-04-07,MU,31,327,908
2020-04-08,MU,28,302,792
2020-04-09,MU,38,304,746
2020-04-10,MU,13,253,658
2020-04-11,MU,11,220,591
2020-04-12,MU,10,184,533
2020-04-13,MU,13,178,496
2020-04-14,MU,23,167,463
2020-04-15,MU,13,149,423
2020-04-16,MU,5,126,392
2020-04-17,MU,7,95,335
2020-04-18,MU,9,91,300
2020-04-19,MU,0,80,254
2020-04-20,MU,8,78,243
2020-04-21,MU,8,73,217
2020-04-22,MU,4,54,190
2020-04-23,MU,11,52,173
2020-04-24,MU,8,55,143
2020-04-25,MU,2,50,132
2020-04-26,MU,1,42,122
2020-04-27,MU,7,49,119
2020-04-28,MU,7,48,113
2020-04-29,MU,9,49,99
2020-04-30,MU,4,49,90
2020-03-15,NC,79,79,79
2020-03-16,NC,97,176,176
2020-03-17,NC,102,278,278
2020-03-18,NC,131,409,409
2020-03-19,NC,172,581,581
2020-03-20,NC,164,745,745
2020-03-21,NC,119,864,864
2020-03-22,NC,102,966,966
2020-03-23,NC,165,1052,1131
2020-03-24,NC,197,1152,1328
2020-03-25,NC,147,1197,1475
2020-03-26,NC,183,1249,1658
2020-03-27,NC,142,1219,1800
2020-03-28,NC,155,1210,1955
2020-03-29,NC,108,1199,2063
2020-03-30,NC,136,1233,2120
2020-03-31,NC,145,1213,2168
2020-04-01,NC,126,1142,2192
2020-04-02,NC,95,1090,2156
2020-04-03,NC,104,1011,2088
2020-04-04,NC,71,940,1995
2020-04-05,NC,45,830,1921
2020-04-06,NC,89,811,1908
2020-04-07,NC,86,761,1829
2020-04-08,NC,161,777,1793
2020-04-09,NC,103,754,1749
2020-04-10,NC,106,765,1672
2020-04-11,NC,70,731,1600
2020-04-12,NC,26,686,1471
2020-04-13,NC,57,698,1420
2020-04-14,NC,117,726,1401
2020-04-15,NC,115,755,1371
2020-04-16,NC,98,692,1343
2020-04-17,NC,133,722,1381
2020-04-18,NC,110,726,1387
2020-04-19,NC,94,750,1410
2020-04-20,NC,128,852,1493
2020-04-21,NC,161,956,1565
2020-04-22,NC,219,1058,1698
2020-04-23,NC,108,1051,1645
2020-04-24,NC,189,1142,1731
2020-04-25,NC,72,1081,1697
2020-04-26,NC,52,1023,1679
2020-04-27,NC,65,994,1718
2020-04-28,NC,67,933,1728
2020-04-29,NC,59,831,1670
2020-04-30,NC,56,668,1611
2020-03-15,AS,37,37,37
2020-03-16,AS,65,102,102
2020-03-17,AS,45,147,147
2020-03-18,AS,41,188,188
2020-03-19,AS,119,307,307
2020-03-20,AS,95,402,402
2020-03-21,AS,49,451,451
2020-03-22,AS,52,503,503
2020-03-23,AS,133,599,636
2020-03-24,AS,58,592,694
2020-03-25,AS,80,627,774
2020-03-26,AS,69,655,843
2020-03-27,AS,77,613,920
2020-03-28,AS,106,624,1026
2020-03-29,AS,64,639,1090
2020-03-30,AS,89,676,1142
2020-03-31,AS,72,615,1149
2020-04-01,AS,68,625,1172
2020-04-02,AS,69,614,1200
2020-04-03,AS,72,617,1153
2020-04-04,AS,54,594,1112
2020-04-05,AS,55,543,1118
2020-04-06,AS,22,501,1088
2020-04-07,AS,29,441,984
2020-04-08,AS,46,415,972
2020-04-09,AS,48,395,940
2020-04-10,AS,43,369,914
2020-04-11,AS,82,379,919
2020-04-12,AS,52,377,865
2020-04-13,AS,30,352,831
2020-04-14,AS,59,389,801
2020-04-15,AS,22,382,751
2020-04-16,AS,53,389,736
2020-04-17,AS,24,365,691
2020-04-18,AS,17,339,636
2020-04-19,AS,10,267,592
2020-04-20,AS,7,222,544
2020-04-21,AS,10,202,532
2020-04-22,AS,11,154,514
2020-04-23,AS,4,136,472
2020-04-24,AS,4,87,428
2020-04-25,AS,12,75,397
2020-04-26,AS,2,60,317
2020-04-27,AS,6,56,271
2020-04-28,AS,15,64,256
2020-04-29,AS,11,65,208
2020-04-30,AS,15,69,201
2020-03-15,OU,6,6,6
2020-03-16,OU,5,11,11
2020-03-17,OU,12,23,23
2020-03-18,OU,25,48,48
2020-03-19,OU,21,69,69
2020-03-20,OU,67,136,136
2020-03-21,OU,29,165,165
2020-03-22,OU,55,220,220
2020-03-23,OU,67,281,287
2020-03-24,OU,53,329,340
2020-03-25,OU,68,385,408
2020-03-26,OU,31,391,439
2020-03-27,OU,84,454,523
2020-03-28,OU,50,437,573
2020-03-29,OU,54,462,627
2020-03-30,OU,78,485,699
2020-03-31,OU,70,488,764
2020-04-01,OU,42,477,794
2020-04-02,OU,153,562,922
2020-04-03,OU,80,611,981
2020-04-04,OU,67,594,981
2020-04-05,OU,22,566,974
2020-04-06,OU,46,558,965
2020-04-07,OU,78,558,976
2020-04-08,OU,35,523,958
2020-04-09,OU,70,551,960
2020-04-10,OU,28,426,957
2020-04-11,OU,17,363,890
2020-04-12,OU,22,318,862
2020-04-13,OU,18,314,826
2020-04-14,OU,21,289,769
2020-04-15,OU,20,231,719
2020-04-16,OU,18,214,695
2020-04-17,OU,31,175,573
2020-04-18,OU,19,166,512
2020-04-19,OU,12,161,457
2020-04-20,OU,11,150,446
2020-04-21,OU,8,140,408
2020-04-22,OU,19,138,349
2020-04-23,OU,12,130,326
2020-04-24,OU,7,119,263
2020-04-25,OU,12,100,247
2020-04-26,OU,7,88,237
2020-04-27,OU,11,87,226
2020-04-28,OU,5,81,213
2020-04-29,OU,4,77,196
2020-04-30,OU,10,68,186
2020-03-15,PA,1,1,1
2020-03-16,PA,0,1,1
2020-03-17,PA,6,7,7
2020-03-18,PA,6,13,13
2020-03-19,PA,19,32,32
2020-03-20,PA,14,46,46
2020-03-21,PA,15,61,61
2020-03-22,PA,11,72,72
2020-03-23,PA,11,82,83
2020-03-24,PA,24,106,107
2020-03-25,PA,56,156,163
2020-03-26,PA,36,186,199
2020-03-27,PA,33,200,232
2020-03-28,PA,62,248,294
2020-03-29,PA,27,260,321
2020-03-30,PA,30,279,350
2020-03-31,PA,23,291,373
2020-04-01,PA,30,297,397
2020-04-02,PA,39,280,430
2020-04-03,PA,15,259,426
2020-04-04,PA,26,252,438
2020-04-05,PA,26,216,449
2020-04-06,PA,23,212,461
2020-04-07,PA,10,192,460
2020-04-08,PA,37,206,473
2020-04-09,PA,38,214,455
2020-04-10,PA,7,182,426
2020-04-11,PA,19,186,412
2020-04-12,PA,13,173,363
2020-04-13,PA,11,158,347
2020-04-14,PA,8,143,325
2020-04-15,PA,11,144,313
2020-04-16,PA,14,121,297
2020-04-17,PA,13,96,271
2020-04-18,PA,6,95,262
2020-04-19,PA,21,97,257
2020-04-20,PA,8,92,239
2020-04-21,PA,16,97,232
2020-04-22,PA,16,105,238
2020-04-23,PA,18,112,219
2020-04-24,PA,26,124,207
2020-04-25,PA,21,132,221
2020-04-26,PA,12,138,214
2020-04-27,PA,20,137,221
2020-04-28,PA,14,143,224
2020-04-29,PA,1,128,217
2020-04-30,PA,7,119,213
2020-03-15,IB,25,25,25
2020-03-16,IB,22,47,47
2020-03-17,IB,37,84,84
2020-03-18,IB,52,136,136
2020-03-19,IB,46,182,182
2020-03-20,IB,76,258,258
2020-03-21,IB,70,328,328
2020-03-22,IB,63,391,391
2020-03-23,IB,91,457,482
2020-03-24,IB,105,540,587
2020-03-25,IB,92,595,679
2020-03-26,IB,92,635,771
2020-03-27,IB,99,688,870
2020-03-28,IB,78,690,948
2020-03-29,IB,60,680,1008
2020-03-30,IB,73,690,1056
2020-03-31,IB,55,654,1089
2020-04-01,IB,98,647,1150
2020-04-02,IB,89,644,1187
2020-04-03,IB,63,615,1204
2020-04-04,IB,47,563,1175
2020-04-05,IB,21,506,1126
2020-04-06,IB,58,504,1121
2020-04-07,IB,34,465,1064
2020-04-08,IB,45,455,1004
2020-04-09,IB,24,381,936
2020-04-10,IB,17,309,861
2020-04-11,IB,16,262,778
2020-04-12,IB,12,227,712
2020-04-13,IB,25,231,677
2020-04-14,IB,20,193,624
2020-04-15,IB,14,173,583
2020-04-16,IB,28,156,513
2020-04-17,IB,16,148,440
2020-04-18,IB,12,143,389
2020-04-19,IB,25,152,367
2020-04-20,IB,12,152,358
2020-04-21,IB,15,142,315
2020-04-22,IB,4,126,285
2020-04-23,IB,10,122,250
2020-04-24,IB,5,99,231
2020-04-25,IB,6,89,220
2020-04-26,IB,6,83,210
2020-04-27,IB,6,64,204
2020-04-28,IB,5,57,184
2020-04-29,IB,9,51,173
2020-04-30,IB,9,56,168
2020-03-15,PO,19,19,19
2020-03-16,PO,28,47,47
2020-03-17,PO,43,90,90
2020-03-18,PO,73,163,163
2020-03-19,PO,71,234,234
2020-03-20,PO,89,323,323
2020-03-21,PO,99,422,422
2020-03-22,PO,59,481,481
2020-03-23,PO,86,548,567
2020-03-24,PO,107,627,674
2020-03-25,PO,109,693,783
2020-03-26,PO,157,777,940
2020-03-27,PO,97,803,1037
2020-03-28,PO,236,950,1273
2020-03-29,PO,61,912,1334
2020-03-30,PO,99,952,1414
2020-03-31,PO,87,953,1473
2020-04-01,PO,95,941,1525
2020-04-02,PO,54,886,1506
2020-04-03,PO,73,802,1508
2020-04-04,PO,48,753,1467
2020-04-05,PO,39,556,1407
2020-04-06,PO,61,556,1409
2020-04-07,PO,64,521,1387
2020-04-08,PO,97,531,1377
2020-04-09,PO,35,471,1303
2020-04-10,PO,45,462,1191
2020-04-11,PO,45,434,1139
2020-04-12,PO,24,410,927
2020-04-13,PO,36,407,902
2020-04-14,PO,25,371,828
2020-04-15,PO,36,343,777
2020-04-16,PO,10,256,692
2020-04-17,PO,20,241,658
2020-04-18,PO,16,212,601
2020-04-19,PO,14,181,567
2020-04-20,PO,12,169,540
2020-04-21,PO,40,173,519
2020-04-22,PO,10,158,465
2020-04-23,PO,18,140,386
2020-04-24,PO,4,134,355
2020-04-25,PO,2,116,312
2020-04-26,PO,2,102,269
2020-04-27,PO,21,109,266
2020-04-28,PO,7,104,237
2020-04-29,PO,9,73,221
2020-04-30,PO,10,73,195
2020-03-15,CA,9,9,9
2020-03-16,CA,3,12,12
2020-03-17,CA,17,29,29
2020-03-18,CA,36,65,65
2020-03-19,CA,54,119,119
2020-03-20,CA,59,178,178
2020-03-21,CA,68,246,246
2020-03-22,CA,71,317,317
2020-03-23,CA,75,383,392
2020-03-24,CA,89,469,481
2020-03-25,CA,178,630,659
2020-03-26,CA,143,737,802
2020-03-27,CA,99,782,901
2020-03-28,CA,84,807,985
2020-03-29,CA,86,825,1071
2020-03-30,CA,58,812,1120
2020-03-31,CA,57,794,1174
2020-04-01,CA,39,744,1196
2020-04-02,CA,73,639,1233
2020-04-03,CA,68,564,1247
2020-04-04,CA,39,504,1227
2020-04-05,CA,27,447,1186
2020-04-06,CA,32,393,1147
2020-04-07,CA,72,407,1144
2020-04-08,CA,53,403,1108
2020-04-09,CA,34,398,964
2020-04-10,CA,63,388,884
2020-04-11,CA,24,344,809
2020-04-12,CA,26,331,751
2020-04-13,CA,13,317,678
2020-04-14,CA,26,311,646
2020-04-15,CA,25,264,614
2020-04-16,CA,31,242,606
2020-04-17,CA,24,232,557
2020-04-18,CA,46,215,535
2020-04-19,CA,33,224,529
2020-04-20,CA,14,212,516
2020-04-21,CA,17,216,501
2020-04-22,CA,18,208,447
2020-04-23,CA,26,209,420
2020-04-24,CA,13,191,399
2020-04-25,CA,15,182,351
2020-04-26,CA,24,160,351
2020-04-27,CA,10,137,335
2020-04-28,CA,26,149,348
2020-04-29,CA,26,158,348
2020-04-30,CA,14,154,337
2020-03-15,SA,14,14,14
2020-03-16,SA,36,50,50
2020-03-17,SA,29,79,79
2020-03-18,SA,44,123,123
2020-03-19,SA,54,177,177
2020-03-20,SA,71,248,248
2020-03-21,SA,57,305,305
2020-03-22,SA,132,437,437
2020-03-23,SA,41,464,478
2020-03-24,SA,114,542,592
2020-03-25,SA,117,630,709
2020-03-26,SA,107,693,816
2020-03-27,SA,150,789,966
2020-03-28,SA,103,821,1069
2020-03-29,SA,57,821,1126
2020-03-30,SA,125,814,1237
2020-03-31,SA,87,860,1288
2020-04-01,SA,71,817,1330
2020-04-02,SA,72,772,1358
2020-04-03,SA,100,765,1404
2020-04-04,SA,129,744,1462
2020-04-05,SA,37,678,1442
2020-04-06,SA,112,733,1422
2020-04-07,SA,71,679,1452
2020-04-08,SA,71,663,1409
2020-04-09,SA,59,651,1351
2020-04-10,SA,60,639,1304
2020-04-11,SA,68,607,1222
2020-04-12,SA,23,501,1142
2020-04-13,SA,55,519,1140
2020-04-14,SA,46,453,1061
2020-04-15,SA,58,440,1032
2020-04-16,SA,42,411,1003
2020-04-17,SA,63,415,994
2020-04-18,SA,26,381,920
2020-04-19,SA,11,324,802
2020-04-20,SA,33,334,798
2020-04-21,SA,17,296,703
2020-04-22,SA,58,308,690
2020-04-23,SA,19,269,638
2020-04-24,SA,28,255,607
2020-04-25,SA,28,220,575
2020-04-26,SA,25,219,532
2020-04-27,SA,32,240,541
2020-04-28,SA,7,214,493
2020-04-29,SA,25,222,472
2020-04-30,SA,7,171,421
2020-03-15,SE,22,22,22
2020-03-16,SE,20,42,42
2020-03-17,SE,21,63,63
2020-03-18,SE,41,104,104
2020-03-19,SE,56,160,160
2020-03-20,SE,65,225,225
2020-03-21,SE,70,295,295
2020-03-22,SE,47,342,342
2020-03-23,SE,160,480,502
2020-03-24,SE,157,617,659
2020-03-25,SE,112,708,771
2020-03-26,SE,141,808,912
2020-03-27,SE,121,873,1033
2020-03-28,SE,102,910,1135
2020-03-29,SE,85,925,1220
2020-03-30,SE,110,988,1308
2020-03-31,SE,112,940,1400
2020-04-01,SE,86,869,1465
2020-04-02,SE,78,835,1502
2020-04-03,SE,57,751,1503
2020-04-04,SE,53,683,1491
2020-04-05,SE,29,610,1450
2020-04-06,SE,56,581,1459
2020-04-07,SE,90,561,1389
2020-04-08,SE,43,492,1275
2020-04-09,SE,49,455,1212
2020-04-10,SE,70,447,1141
2020-04-11,SE,30,420,1050
2020-04-12,SE,23,390,971
2020-04-13,SE,30,391,916
2020-04-14,SE,25,360,831
2020-04-15,SE,29,299,748
2020-04-16,SE,17,273,679
2020-04-17,SE,17,241,618
2020-04-18,SE,10,181,571
2020-04-19,SE,6,157,524
2020-04-20,SE,11,145,506
2020-04-21,SE,14,129,464
2020-04-22,SE,14,118,388
2020-04-23,SE,13,102,358
2020-04-24,SE,10,95,319
2020-04-25,SE,13,91,262
2020-04-26,SE,4,85,236
2020-04-27,SE,15,94,228
2020-04-28,SE,13,96,211
2020-04-29,SE,8,90,194
2020-04-30,SE,5,81,170
2020-03-15,SG,24,24,24
2020-03-16,SG,19,43,43
2020-03-17,SG,53,96,96
2020-03-18,SG,34,130,130
2020-03-19,SG,5,135,135
2020-03-20,SG,26,161,161
2020-03-21,SG,65,226,226
2020-03-22,SG,51,277,277
2020-03-23,SG,87,340,364
2020-03-24,SG,112,433,476
2020-03-25,SG,211,591,687
2020-03-26,SG,180,737,867
2020-03-27,SG,89,821,956
2020-03-28,SG,112,907,1068
2020-03-29,SG,61,903,1129
2020-03-30,SG,72,924,1177
2020-03-31,SG,111,948,1269
2020-04-01,SG,137,973,1353
2020-04-02,SG,58,820,1377
2020-04-03,SG,54,694,1426
2020-04-04,SG,152,757,1552
2020-04-05,SG,71,716,1558
2020-04-06,SG,52,707,1559
2020-04-07,SG,58,693,1530
2020-04-08,SG,12,594,1430
2020-04-09,SG,51,508,1270
2020-04-10,SG,74,524,1164
2020-04-11,SG,9,479,1084
2020-04-12,SG,35,362,1007
2020-04-13,SG,66,357,1012
2020-04-14,SG,57,362,997
2020-04-15,SG,27,331,913
2020-04-16,SG,23,342,799
2020-04-17,SG,22,313,763
2020-04-18,SG,33,272,742
2020-04-19,SG,7,270,597
2020-04-20,SG,18,253,544
2020-04-21,SG,25,212,517
2020-04-22,SG,23,178,482
2020-04-23,SG,4,155,474
2020-04-24,SG,8,140,431
2020-04-25,SG,8,126,365
2020-04-26,SG,3,96,359
2020-04-27,SG,14,103,338
2020-04-28,SG,18,103,290
2020-04-29,SG,10,88,243
2020-04-30,SG,14,79,230
2020-03-15,SO,19,19,19
2020-03-16,SO,5,24,24
2020-03-17,SO,20,44,44
2020-03-18,SO,31,75,75
2020-03-19,SO,5,80,80
2020-03-20,SO,47,127,127
2020-03-21,SO,1,128,128
2020-03-22,SO,18,146,146
2020-03-23,SO,77,204,223
2020-03-24,SO,78,277,301
2020-03-25,SO,67,324,368
2020-03-26,SO,29,322,397
2020-03-27,SO,105,422,502
2020-03-28,SO,26,401,528
2020-03-29,SO,27,427,555
2020-03-30,SO,11,420,547
2020-03-31,SO,117,460,659
2020-04-01,SO,27,409,666
2020-04-02,SO,67,409,702
2020-04-03,SO,12,392,709
2020-04-04,SO,44,331,706
2020-04-05,SO,17,322,722
2020-04-06,SO,7,302,711
2020-04-07,SO,16,307,650
2020-04-08,SO,44,234,616
2020-04-09,SO,15,222,564
2020-04-10,SO,44,199,579
2020-04-11,SO,12,199,486
2020-04-12,SO,12,167,472
2020-04-13,SO,24,174,469
2020-04-14,SO,30,197,488
2020-04-15,SO,15,196,386
2020-04-16,SO,26,178,385
2020-04-17,SO,24,187,342
2020-04-18,SO,2,145,332
2020-04-19,SO,33,166,321
2020-04-20,SO,14,168,318
2020-04-21,SO,15,159,326
2020-04-22,SO,22,151,332
2020-04-23,SO,13,149,301
2020-04-24,SO,11,134,297
2020-04-25,SO,17,127,270
2020-04-26,SO,5,130,263
2020-04-27,SO,5,102,256
2020-04-28,SO,7,95,239
2020-04-29,SO,8,88,217
2020-04-30,SO,7,73,209
2020-03-15,GP,23,23,23
2020-03-16,GP,21,44,44
2020-03-17,GP,21,65,65
2020-03-18,GP,53,118,118
2020-03-19,GP,45,163,163
2020-03-20,GP,65,228,228
2020-03-21,GP,45,273,273
2020-03-22,GP,58,331,331
2020-03-23,GP,83,391,414
2020-03-24,GP,109,479,523
2020-03-25,GP,123,581,646
2020-03-26,GP,118,646,764
2020-03-27,GP,97,698,861
2020-03-28,GP,102,735,963
2020-03-29,GP,51,741,1014
2020-03-30,GP,56,739,1047
2020-03-31,GP,104,760,1130
2020-04-01,GP,70,721,1179
2020-04-02,GP,77,675,1203
2020-04-03,GP,81,638,1239
2020-04-04,GP,51,592,1225
2020-04-05,GP,30,520,1210
2020-04-06,GP,33,502,1185
2020-04-07,GP,113,559,1215
2020-04-08,GP,89,544,1195
2020-04-09,GP,41,515,1113
2020-04-10,GP,55,493,1050
2020-04-11,GP,47,459,1000
2020-04-12,GP,64,472,962
2020-04-13,GP,40,482,951
2020-04-14,GP,33,482,928
2020-04-15,GP,23,392,847
2020-04-16,GP,26,329,803
2020-04-17,GP,18,306,744
2020-04-18,GP,39,290,702
2020-04-19,GP,7,250,658
2020-04-20,GP,14,200,642
2020-04-21,GP,11,171,620
2020-04-22,GP,16,154,523
2020-04-23,GP,22,153,456
2020-04-24,GP,9,136,424
2020-04-25,GP,5,123,374
2020-04-26,GP,3,87,330
2020-04-27,GP,5,85,271
2020-04-28,GP,7,78,238
2020-04-29,GP,6,73,211
2020-04-30,GP,5,62,193
2020-03-15,TA,2,2,2
2020-03-16,TA,13,15,15
2020-03-17,TA,25,40,40
2020-03-18,TA,22,62,62
2020-03-19,TA,36,98,98
2020-03-20,TA,36,134,134
2020-03-21,TA,31,165,165
2020-03-22,TA,25,190,190
2020-03-23,TA,62,250,252
2020-03-24,TA,64,301,316
2020-03-25,TA,53,329,369
2020-03-26,TA,61,368,430
2020-03-27,TA,78,410,508
2020-03-28,TA,60,434,568
2020-03-29,TA,49,452,617
2020-03-30,TA,101,528,716
2020-03-31,TA,68,534,771
2020-04-01,TA,69,539,815
2020-04-02,TA,76,562,869
2020-04-03,TA,104,605,937
2020-04-04,TA,63,590,964
2020-04-05,TA,44,574,977
2020-04-06,TA,63,588,1015
2020-04-07,TA,59,546,1012
2020-04-08,TA,60,538,1008
2020-04-09,TA,61,530,1016
2020-04-10,TA,40,494,995
2020-04-11,TA,19,409,936
2020-04-12,TA,29,375,905
2020-04-13,TA,16,347,872
2020-04-14,TA,52,336,823
2020-04-15,TA,99,376,854
2020-04-16,TA,38,354,823
2020-04-17,TA,41,334,788
2020-04-18,TA,30,324,714
2020-04-19,TA,13,318,664
2020-04-20,TA,36,325,656
2020-04-21,TA,30,339,623
2020-04-22,TA,31,318,595
2020-04-23,TA,22,241,557
2020-04-24,TA,24,227,520
2020-04-25,TA,5,191,485
2020-04-26,TA,3,164,469
2020-04-27,TA,12,163,452
2020-04-28,TA,18,145,454
2020-04-29,TA,13,128,415
2020-04-30,TA,35,132,351
2020-03-15,TE,4,4,4
2020-03-16,TE,7,11,11
2020-03-17,TE,1,12,12
2020-03-18,TE,9,21,21
2020-03-19,TE,10,31,31
2020-03-20,TE,16,47,47
2020-03-21,TE,5,52,52
2020-03-22,TE,11,63,63
2020-03-23,TE,7,66,70
2020-03-24,TE,25,84,95
2020-03-25,TE,28,111,123
2020-03-26,TE,29,131,152
2020-03-27,TE,29,150,181
2020-03-28,TE,20,154,201
2020-03-29,TE,14,163,215
2020-03-30,TE,19,171,230
2020-03-31,TE,33,197,256
2020-04-01,TE,33,205,288
2020-04-02,TE,24,201,303
2020-04-03,TE,28,200,321
2020-04-04,TE,10,181,315
2020-04-05,TE,10,171,320
2020-04-06,TE,19,176,328
2020-04-07,TE,5,162,326
2020-04-08,TE,22,151,323
2020-04-09,TE,24,142,319
2020-04-10,TE,5,123,295
2020-04-11,TE,12,107,278
2020-04-12,TE,25,122,283
2020-04-13,TE,11,123,280
2020-04-14,TE,4,108,265
2020-04-15,TE,10,113,242
2020-04-16,TE,8,99,217
2020-04-17,TE,3,78,196
2020-04-18,TE,1,74,169
2020-04-19,TE,2,64,161
2020-04-20,TE,1,40,152
2020-04-21,TE,1,30,134
2020-04-22,TE,1,27,130
2020-04-23,TE,0,17,108
2020-04-24,TE,3,12,87
2020-04-25,TE,0,9,82
2020-04-26,TE,1,9,71
2020-04-27,TE,3,10,49
2020-04-28,TE,4,13,42
2020-04-29,TE,0,12,38
2020-04-30,TE,1,12,29
2020-03-15,TF,14,14,14
2020-03-16,TF,27,41,41
2020-03-17,TF,27,68,68
2020-03-18,TF,47,115,115
2020-03-19,TF,30,145,145
2020-03-20,TF,50,195,195
2020-03-21,TF,62,257,257
2020-03-22,TF,53,310,310
2020-03-23,TF,70,366,380
2020-03-24,TF,95,434,475
2020-03-25,TF,57,464,532
2020-03-26,TF,99,516,631
2020-03-27,TF,63,549,694
2020-03-28,TF,60,559,754
2020-03-29,TF,57,554,811
2020-03-30,TF,58,559,855
2020-03-31,TF,56,545,884
2020-04-01,TF,38,488,895
2020-04-02,TF,30,461,878
2020-04-03,TF,29,391,877
2020-04-04,TF,24,352,851
2020-04-05,TF,35,327,824
2020-04-06,TF,28,298,799
2020-04-07,TF,61,301,790
2020-04-08,TF,10,255,705
2020-04-09,TF,16,233,664
2020-04-10,TF,29,232,594
2020-04-11,TF,30,233,561
2020-04-12,TF,3,212,504
2020-04-13,TF,16,193,463
2020-04-14,TF,7,172,412
2020-04-15,TF,18,129,374
2020-04-16,TF,13,132,349
2020-04-17,TF,16,132,335
2020-04-18,TF,10,113,316
2020-04-19,TF,8,91,300
2020-04-20,TF,11,99,276
2020-04-21,TF,9,92,257
2020-04-22,TF,15,100,211
2020-04-23,TF,7,89,208
2020-04-24,TF,10,86,202
2020-04-25,TF,11,81,184
2020-04-26,TF,6,77,160
2020-04-27,TF,7,76,164
2020-04-28,TF,7,72,155
2020-04-29,TF,1,64,149
2020-04-30,TF,7,56,138
2020-03-15,TO,41,41,41
2020-03-16,TO,52,93,93
2020-03-17,TO,52,145,145
2020-03-18,TO,96,241,241
2020-03-19,TO,53,294,294
2020-03-20,TO,94,388,388
2020-03-21,TO,140,528,528
2020-03-22,TO,99,627,627
2020-03-23,TO,209,795,836
2020-03-24,TO,137,880,973
2020-03-25,TO,227,1055,1200
2020-03-26,TO,141,1100,1341
2020-03-27,TO,188,1235,1529
2020-03-28,TO,70,1211,1599
2020-03-29,TO,77,1148,1676
2020-03-30,TO,156,1205,1791
2020-03-31,TO,146,1142,1885
2020-04-01,TO,131,1136,1964
2020-04-02,TO,93,1002,1961
2020-04-03,TO,191,1052,2099
2020-04-04,TO,114,978,2119
2020-04-05,TO,64,972,2043
2020-04-06,TO,117,1012,2061
2020-04-07,TO,147,1003,1999
2020-04-08,TO,123,980,1985
2020-04-09,TO,75,924,1833
2020-04-10,TO,58,889,1750
2020-04-11,TO,63,761,1625
2020-04-12,TO,40,687,1595
2020-04-13,TO,53,676,1571
2020-04-14,TO,101,660,1516
2020-04-15,TO,85,598,1455
2020-04-16,TO,58,533,1382
2020-04-17,TO,65,523,1354
2020-04-18,TO,22,487,1185
2020-04-19,TO,26,450,1097
2020-04-20,TO,49,459,1082
2020-04-21,TO,59,465,1024
2020-04-22,TO,35,399,912
2020-04-23,TO,37,351,826
2020-04-24,TO,42,335,793
2020-04-25,TO,26,296,761
2020-04-26,TO,10,284,708
2020-04-27,TO,38,296,706
2020-04-28,TO,43,290,696
2020-04-29,TO,35,266,630
2020-04-30,TO,48,279,593
2020-03-15,V,56,56,56
2020-03-16,V,63,119,119
2020-03-17,V,85,204,204
2020-03-18,V,135,339,339
2020-03-19,V,133,472,472
2020-03-20,V,166,638,638
2020-03-21,V,158,796,796
2020-03-22,V,178,974,974
2020-03-23,V,212,1130,1186
2020-03-24,V,243,1310,1429
2020-03-25,V,299,1524,1728
2020-03-26,V,251,1640,1979
2020-03-27,V,273,1780,2252
2020-03-28,V,268,1882,2520
2020-03-29,V,158,1882,2678
2020-03-30,V,223,1927,2845
2020-03-31,V,211,1926,2993
2020-04-01,V,208,1891,3116
2020-04-02,V,149,1741,3130
2020-04-03,V,158,1648,3155
2020-04-04,V,168,1543,3157
2020-04-05,V,86,1361,3085
2020-04-06,V,73,1276,2980
2020-04-07,V,128,1181,2896
2020-04-08,V,132,1102,2785
2020-04-09,V,139,1033,2625
2020-04-10,V,100,984,2474
2020-04-11,V,70,896,2271
2020-04-12,V,59,787,2062
2020-04-13,V,34,735,1938
2020-04-14,V,81,743,1796
2020-04-15,V,81,696,1666
2020-04-16,V,85,649,1543
2020-04-17,V,56,566,1450
2020-04-18,V,41,507,1333
2020-04-19,V,17,454,1182
2020-04-20,V,32,427,1128
2020-04-21,V,52,445,1107
2020-04-22,V,46,410,1025
2020-04-23,V,70,399,963
2020-04-24,V,40,354,864
2020-04-25,V,37,335,801
2020-04-26,V,16,310,747
2020-04-27,V,21,314,709
2020-04-28,V,29,311,704
2020-04-29,V,43,302,666
2020-04-30,V,45,301,630
2020-03-15,VA,17,17,17
2020-03-16,VA,12,29,29
2020-03-17,VA,26,55,55
2020-03-18,VA,62,117,117
2020-03-19,VA,69,186,186
2020-03-20,VA,48,234,234
2020-03-21,VA,56,290,290
2020-03-22,VA,59,349,349
2020-03-23,VA,50,382,399
2020-03-24,VA,193,563,592
2020-03-25,VA,117,654,709
2020-03-26,VA,127,719,836
2020-03-27,VA,89,739,925
2020-03-28,VA,60,751,985
2020-03-29,VA,51,746,1036
2020-03-30,VA,97,784,1116
2020-03-31,VA,71,805,1175
2020-04-01,VA,83,695,1232
2020-04-02,VA,98,676,1268
2020-04-03,VA,126,675,1325
2020-04-04,VA,52,638,1329
2020-04-05,VA,86,664,1359
2020-04-06,VA,128,741,1428
2020-04-07,VA,134,778,1512
2020-04-08,VA,241,948,1560
2020-04-09,VA,174,1039,1617
2020-04-10,VA,273,1214,1763
2020-04-11,VA,118,1206,1792
2020-04-12,VA,188,1342,1920
2020-04-13,VA,176,1432,2045
2020-04-14,VA,108,1412,2056
2020-04-15,VA,46,1324,2031
2020-04-16,VA,43,1126,1991
2020-04-17,VA,56,1008,1949
2020-04-18,VA,18,753,1841
2020-04-19,VA,29,664,1818
2020-04-20,VA,69,545,1801
2020-04-21,VA,101,470,1774
2020-04-22,VA,33,395,1673
2020-04-23,VA,24,373,1456
2020-04-24,VA,59,389,1341
2020-04-25,VA,70,403,1138
2020-04-26,VA,42,427,1062
2020-04-27,VA,50,448,924
2020-04-28,VA,43,422,791
2020-04-29,VA,27,348,710
2020-04-30,VA,40,355,704
2020-03-15,VI,37,37,37
2020-03-16,VI,43,80,80
2020-03-17,VI,77,157,157
2020-03-18,VI,81,238,238
2020-03-19,VI,77,315,315
2020-03-20,VI,118,433,433
2020-03-21,VI,83,516,516
2020-03-22,VI,90,606,606
2020-03-23,VI,96,665,702
2020-03-24,VI,135,757,837
2020-03-25,VI,233,913,1070
2020-03-26,VI,168,1000,1238
2020-03-27,VI,166,1089,1404
2020-03-28,VI,147,1118,1551
2020-03-29,VI,97,1132,1648
2020-03-30,VI,62,1104,1673
2020-03-31,VI,153,1161,1783
2020-04-01,VI,95,1121,1801
2020-04-02,VI,94,982,1814
2020-04-03,VI,116,930,1853
2020-04-04,VI,78,842,1813
2020-04-05,VI,67,762,1797
2020-04-06,VI,34,699,1741
2020-04-07,VI,66,703,1711
2020-04-08,VI,51,601,1627
2020-04-09,VI,58,564,1452
2020-04-10,VI,28,498,1312
2020-04-11,VI,24,406,1170
2020-04-12,VI,7,335,1030
2020-04-13,VI,12,280,945
2020-04-14,VI,9,255,892
2020-04-15,VI,40,229,779
2020-04-16,VI,25,203,709
2020-04-17,VI,21,166,636
2020-04-18,VI,15,153,535
2020-04-19,VI,15,144,472
2020-04-20,VI,9,146,414
2020-04-21,VI,9,143,389
2020-04-22,VI,18,152,341
2020-04-23,VI,16,128,306
2020-04-24,VI,9,112,257
2020-04-25,VI,16,107,245
2020-04-26,VI,1,93,222
2020-04-27,VI,4,82,219
2020-04-28,VI,9,82,216
2020-04-29,VI,5,78,212
2020-04-30,VI,5,65,177
2020-03-15,ZA,24,24,24
2020-03-16,ZA,27,51,51
2020-03-17,ZA,30,81,81
2020-03-18,ZA,46,127,127
2020-03-19,ZA,69,196,196
2020-03-20,ZA,82,278,278
2020-03-21,ZA,102,380,380
2020-03-22,ZA,74,454,454
2020-03-23,ZA,99,529,553
2020-03-24,ZA,147,649,700
2020-03-25,ZA,186,805,886
2020-03-26,ZA,177,936,1063
2020-03-27,ZA,210,1077,1273
2020-03-28,ZA,155,1150,1428
2020-03-29,ZA,98,1146,1526
2020-03-30,ZA,143,1215,1645
2020-03-31,ZA,202,1318,1820
2020-04-01,ZA,151,1322,1941
2020-04-02,ZA,131,1267,2026
2020-04-03,ZA,130,1220,2087
2020-04-04,ZA,75,1085,2080
2020-04-05,ZA,72,1002,2050
2020-04-06,ZA,121,1025,2097
2020-04-07,ZA,66,948,2064
2020-04-08,ZA,120,866,2037
2020-04-09,ZA,107,822,1958
2020-04-10,ZA,73,764,1854
2020-04-11,ZA,83,717,1727
2020-04-12,ZA,60,702,1632
2020-04-13,ZA,56,686,1590
2020-04-14,ZA,60,625,1507
2020-04-15,ZA,58,617,1363
2020-04-16,ZA,63,560,1275
2020-04-17,ZA,46,499,1190
2020-04-18,ZA,39,465,1099
2020-04-19,ZA,44,426,1068
2020-04-20,ZA,55,421,1051
2020-04-21,ZA,67,432,997
2020-04-22,ZA,47,419,978
2020-04-23,ZA,46,407,904
2020-04-24,ZA,54,398,851
2020-04-25,ZA,24,376,802
2020-04-26,ZA,13,350,732
2020-04-27,ZA,43,349,715
2020-04-28,ZA,54,348,713
2020-04-29,ZA,18,299,671
2020-04-30,ZA,31,283,644
2020-03-15,ZM,4,4,4
2020-03-16,ZM,7,11,11
2020-03-17,ZM,9,20,20
2020-03-18,ZM,10,30,30
2020-03-19,ZM,12,42,42
2020-03-20,ZM,14,56,56
2020-03-21,ZM,13,69,69
2020-03-22,ZM,14,83,83
2020-03-23,ZM,13,92,96
2020-03-24,ZM,2,87,98
2020-03-25,ZM,13,91,111
2020-03-26,ZM,18,99,129
2020-03-27,ZM,58,145,187
2020-03-28,ZM,18,149,205
2020-03-29,ZM,11,147,216
2020-03-30,ZM,15,148,227
2020-03-31,ZM,5,140,225
2020-04-01,ZM,29,167,245
2020-04-02,ZM,9,163,244
2020-04-03,ZM,28,173,260
2020-04-04,ZM,11,126,257
2020-04-05,ZM,5,113,249
2020-04-06,ZM,12,114,247
2020-04-07,ZM,23,122,257
2020-04-08,ZM,6,123,261
2020-04-09,ZM,39,133,287
2020-04-10,ZM,11,135,280
2020-04-11,ZM,16,123,238
2020-04-12,ZM,40,152,260
2020-04-13,ZM,21,168,270
2020-04-14,ZM,18,174,273
2020-04-15,ZM,9,160,277
2020-04-16,ZM,27,181,275
2020-04-17,ZM,9,151,275
2020-04-18,ZM,3,143,250
2020-04-19,ZM,6,133,245
2020-04-20,ZM,8,101,248
2020-04-21,ZM,6,86,242
2020-04-22,ZM,13,81,232
2020-04-23,ZM,4,76,230
2020-04-24,ZM,8,57,199
2020-04-25,ZM,2,50,190
2020-04-26,ZM,1,48,175
2020-04-27,ZM,8,50,143
2020-04-28,ZM,4,46,126
2020-04-29,ZM,6,46,114
2020-04-30,ZM,3,36,108
